"","Rsq_n","Rsq_nlogn"
"1",0.961196305326553,0.958190235559139
"2",0.960813643694683,0.96013211585756
"3",0.958263638251396,0.958212045054425
"4",0.959027809278126,0.95803527844637
"5",0.962123875981804,0.956627181986223
"6",0.958896517543626,0.957851770553827
"7",0.961292842190149,0.957202106151054
"8",0.96000734855984,0.95907646487762
"9",0.960569537573014,0.957708147234559
"10",0.961807973362492,0.956692337385044
"11",0.95988518474759,0.958121400216428
"12",0.959701132392869,0.957340304168474
"13",0.960045961369754,0.95653734457406
"14",0.960253439110447,0.95600949780079
"15",0.95934194697276,0.959679767641337
"16",0.958603674471064,0.958532740426323
"17",0.958907113104693,0.957236988404213
"18",0.958075064631535,0.957876093380413
"19",0.959886968413131,0.958040633626037
"20",0.96051037115114,0.956025012101157
"21",0.959744266500876,0.956694664236404
"22",0.961881955506582,0.958196275602072
"23",0.96094003968644,0.959934203790494
"24",0.960648460628712,0.957547131389082
"25",0.960031268383882,0.95846472401405
"26",0.959909461641805,0.958044324790427
"27",0.958823938656722,0.957567835500335
"28",0.959854022835087,0.957538443412066
"29",0.961344227169462,0.958124568496989
"30",0.960590757421848,0.958452009679241
"31",0.960388373183158,0.959389131672694
"32",0.960864819777326,0.957702921685035
"33",0.96117614614971,0.956689824218142
"34",0.961641212621515,0.957604259665872
"35",0.959801979370209,0.959125319869344
"36",0.959621846551519,0.958594757131821
"37",0.958820133376162,0.958551683695403
"38",0.961552137324237,0.959120311408907
"39",0.960810033565369,0.957360064991645
"40",0.959212147663763,0.956749983300595
"41",0.959999675895074,0.959347908216739
"42",0.959592284822739,0.960016040430576
"43",0.961405805235389,0.958001919904372
"44",0.959482961138168,0.95873611096584
"45",0.960726945383099,0.959042678917336
"46",0.960358853228449,0.957319703470432
"47",0.959624105471506,0.957902052187865
"48",0.961084973367756,0.95764112326392
"49",0.960167834428304,0.958293634948961
"50",0.959345786234149,0.959494560235592
"51",0.961322073900895,0.957686671950983
"52",0.96022589138947,0.956036289996107
"53",0.960113827419454,0.958850458088337
"54",0.959312328755433,0.958317934007473
"55",0.959693800463667,0.958089901633363
"56",0.961905649597568,0.958541395885075
"57",0.960238605330008,0.957113457880456
"58",0.959755341539248,0.959378325678334
"59",0.960034144975551,0.957173074713548
"60",0.9606500486411,0.957201087126512
"61",0.958672148047746,0.959545303201576
"62",0.960292391406479,0.955939247358971
"63",0.960693902806205,0.957061778959957
"64",0.959683189963709,0.957415914865151
"65",0.958977977035606,0.958344754866653
"66",0.959798537810117,0.955542968126018
"67",0.961160721140554,0.95794894878362
"68",0.961260123281042,0.957580559186073
"69",0.961294653889,0.959876022149468
"70",0.960511196685019,0.958762691370818
"71",0.960385254016281,0.95883002444023
"72",0.960588193499457,0.957603417574568
"73",0.960162921981109,0.960314816347181
"74",0.960301901334151,0.955654161350574
"75",0.958831581775399,0.957938875151065
"76",0.96026595875191,0.958080308987985
"77",0.961689082026204,0.957864444276967
"78",0.958718737744494,0.958729296946677
"79",0.961944748234328,0.958027314983657
"80",0.960050564940977,0.958111154658362
"81",0.960591359258886,0.958437535144662
"82",0.959470031866488,0.956800193962473
"83",0.961066194832311,0.958867597115843
"84",0.960750222649056,0.957972791353568
"85",0.960825889424211,0.955841475687129
"86",0.959705504829508,0.956915911188789
"87",0.960674565913318,0.958138689483128
"88",0.961246453292685,0.957294211527866
"89",0.961035359141788,0.957865650704384
"90",0.961234239117318,0.959898249300637
"91",0.960718355683206,0.95880337157453
"92",0.958750868774383,0.958838019803934
"93",0.959448028557928,0.956904174018276
"94",0.960400398813977,0.957330603166535
"95",0.960475055222543,0.956670795804805
"96",0.960020844828306,0.95983263419983
"97",0.959595008203456,0.95481901078252
"98",0.958656186622123,0.957602012667355
"99",0.961016767171322,0.957899842538774
"100",0.961197551897674,0.956732132004058
"101",0.959754160700626,0.957600703068201
"102",0.959066665791162,0.955329583151426
"103",0.959654779113913,0.958977918858539
"104",0.959427904512038,0.958909096228963
"105",0.958097123866433,0.958562988121536
"106",0.959570588331204,0.958304770427376
"107",0.96098674748486,0.957390413672615
"108",0.95811339719232,0.95681766755063
"109",0.959549292479193,0.959000134520906
"110",0.961408225556841,0.956604166434377
"111",0.960132445041681,0.958589753303839
"112",0.961407138581697,0.957743406235818
"113",0.960565024226232,0.958082534445995
"114",0.959706555566641,0.956345996604146
"115",0.96011869851308,0.958595194025529
"116",0.959308660507695,0.958220119939155
"117",0.958145767053423,0.958931208640651
"118",0.960419258713071,0.95723782933026
"119",0.960696545143055,0.957075003624726
"120",0.958926441512277,0.959654673739789
"121",0.959832683209433,0.959083031345389
"122",0.958774634759056,0.959102513938661
"123",0.960430520924698,0.959148321829388
"124",0.960756909680142,0.957057136160238
"125",0.960022488467596,0.957907170764078
"126",0.960153412693547,0.958420526883275
"127",0.960892119226444,0.957770591185983
"128",0.959648968449158,0.957229010209588
"129",0.961456503867237,0.958235039090053
"130",0.959457924848793,0.95791671482493
"131",0.96000326866093,0.959332506509006
"132",0.960354666578541,0.957411150807056
"133",0.960197890702484,0.959114133963618
"134",0.959164410851867,0.959786918522784
"135",0.958381289100987,0.958388591022302
"136",0.958929879186264,0.958917114822684
"137",0.958565739718266,0.958206781536756
"138",0.959078722693387,0.958374262871757
"139",0.958539678122369,0.957831594517286
"140",0.958589481849606,0.958119981382413
"141",0.961312610455818,0.958507342101015
"142",0.960155877071013,0.958578796152309
"143",0.961369588151212,0.957370190982712
"144",0.96005662917828,0.956427009763253
"145",0.960783532116063,0.958111468117311
"146",0.959635118029327,0.958486833789366
"147",0.958917353917289,0.959063499921111
"148",0.95898176454679,0.95782601028503
"149",0.960595181014797,0.960351457979261
"150",0.960329129781532,0.957324183134037
"151",0.960528170151659,0.959551021171428
"152",0.960142993181503,0.957705615381878
"153",0.959668808347227,0.957526090919342
"154",0.960181056288568,0.957225788228387
"155",0.959217878225952,0.958773229516794
"156",0.958185851936146,0.957854777135005
"157",0.960262703521525,0.958030431446932
"158",0.961249311244964,0.955268204637894
"159",0.958886860929902,0.957393263974929
"160",0.960739989375602,0.957007928477179
"161",0.961751399973735,0.955732278155867
"162",0.961255446041313,0.956774056267602
"163",0.960422679209348,0.957657747979291
"164",0.959645134907906,0.958052104374743
"165",0.960197443254649,0.959010392446942
"166",0.95920376928339,0.955432705788233
"167",0.960005303202552,0.959074193689518
"168",0.960246126173475,0.95777589202059
"169",0.959220426380995,0.957543272913868
"170",0.95953956397171,0.959641803089094
"171",0.960667511407573,0.959514591654762
"172",0.960610858387276,0.957416904431559
"173",0.962029219316191,0.957786124800014
"174",0.960436318776672,0.957561862452757
"175",0.961913237439084,0.958474323438165
"176",0.960215087408376,0.95785804917897
"177",0.961075398872235,0.95764469681216
"178",0.959800884461299,0.959160932143229
"179",0.960890406881731,0.959068324667004
"180",0.960544408664936,0.955411122935155
"181",0.958971698382329,0.95757522169275
"182",0.960722777285575,0.959020154954747
"183",0.961310602241707,0.957633181728966
"184",0.959411018060799,0.95799936828183
"185",0.960365700748097,0.957587979683203
"186",0.95964954025128,0.958885869300906
"187",0.959605912684002,0.958056305144996
"188",0.961057311197462,0.958857141608223
"189",0.959275164357191,0.956830475211545
"190",0.959673051092376,0.959539025668178
"191",0.959240714704377,0.957724491418177
"192",0.959651721702741,0.958947619624388
"193",0.95966470590323,0.958296520350136
"194",0.95935131780494,0.957149601947464
"195",0.959536969691889,0.95748984384473
"196",0.959233883076336,0.957034671074475
"197",0.959061919811826,0.958161628535252
"198",0.958487345279482,0.95661099540406
"199",0.96149568452795,0.956811835110852
"200",0.959642766121208,0.957144741793531
"201",0.958554928937125,0.957200909623977
"202",0.960812280954283,0.957171140327285
"203",0.960295674325602,0.956589543608577
"204",0.959291630535145,0.958487608014918
"205",0.95943676726178,0.95709303041397
"206",0.960869300090946,0.957795835218458
"207",0.960842263316709,0.957503606219439
"208",0.960413558873875,0.957478519878736
"209",0.960849319828304,0.958072230899348
"210",0.959417741847535,0.957435991592515
"211",0.959157869716567,0.958101151605582
"212",0.962297441775611,0.957858369668459
"213",0.959133418883249,0.957705227092252
"214",0.958395313256439,0.957383440412854
"215",0.95897704616461,0.958997578816959
"216",0.961472764998737,0.959432336165478
"217",0.960647269051734,0.956684767947101
"218",0.961141984858567,0.957744547755737
"219",0.960122678633392,0.955425207211212
"220",0.960666704459153,0.958120882298844
"221",0.960500765363405,0.958995156621327
"222",0.959847720388154,0.957834337071198
"223",0.961889949974527,0.959553414489125
"224",0.959969031624117,0.958278458770508
"225",0.95969128994446,0.958466350926329
"226",0.959032108492507,0.956754168744587
"227",0.960739116791187,0.960309629232482
"228",0.96097719250359,0.957328782166416
"229",0.96209122641368,0.957972509616685
"230",0.960555489035608,0.95727643202834
"231",0.959681032680855,0.958369744133925
"232",0.959860705635815,0.957486454681586
"233",0.95942596493313,0.959321011144338
"234",0.959292300330214,0.958547891026359
"235",0.960661654053594,0.958715063031031
"236",0.961078870247414,0.956678943844522
"237",0.958792631538216,0.958063158335452
"238",0.959656648118649,0.958320501491799
"239",0.96098881145024,0.957686134759369
"240",0.960887977024205,0.958247444795882
"241",0.961856952044787,0.957986936922925
"242",0.958936957133581,0.955979226283443
"243",0.960546310114327,0.958172436137883
"244",0.960429832450677,0.957275109648516
"245",0.959426387569414,0.956733297720172
"246",0.960263663900818,0.956036070634345
"247",0.959777171666179,0.9583859958115
"248",0.959410049843948,0.957884906815662
"249",0.962396409066442,0.958334502748395
"250",0.96009560815101,0.957387024887401
"251",0.959538087688546,0.95775195864115
"252",0.958955941630011,0.957895355401706
"253",0.960265168647092,0.957336862349482
"254",0.958389135322738,0.958616919160005
"255",0.957984270390213,0.960550858370413
"256",0.959218792779763,0.958887181804645
"257",0.961060578866293,0.958516171616759
"258",0.961865967993355,0.956888181138348
"259",0.958816580173374,0.959596151103403
"260",0.960639186187156,0.959532174159651
"261",0.959544467044796,0.956361526860819
"262",0.961803790130568,0.958930936924746
"263",0.961009888218705,0.95919460718002
"264",0.961020671030264,0.957657340524491
"265",0.959716674698652,0.957496450691835
"266",0.960966069875876,0.956547755265334
"267",0.960434896769407,0.958514714239718
"268",0.961436470890726,0.957307577039178
"269",0.961427027051231,0.956866025120792
"270",0.960088653243171,0.958589586319489
"271",0.959754847703957,0.956679321045088
"272",0.959983484738766,0.958050622595494
"273",0.960681492832208,0.958534813681903
"274",0.960389224613774,0.957814721652287
"275",0.961132601401466,0.956544216524863
"276",0.960947594495418,0.956710488002673
"277",0.961313742487843,0.959663465049857
"278",0.960925891500067,0.958333519291098
"279",0.960508236404674,0.957515428384387
"280",0.959509381209836,0.958228746948295
"281",0.961077479299836,0.95845963254228
"282",0.961559257652693,0.95902427454974
"283",0.960597153011385,0.95835869105099
"284",0.960937970341041,0.95782995836898
"285",0.960679340218499,0.958779529405915
"286",0.95896793946071,0.955986667369992
"287",0.96020953593316,0.956268904478045
"288",0.958892411974171,0.95922394101935
"289",0.959682809499007,0.957680461439618
"290",0.960548231720474,0.957492811358883
"291",0.959358531507018,0.958746731511549
"292",0.959480284713507,0.957325165151064
"293",0.960033708513412,0.957480604581648
"294",0.960647198886954,0.956859562782048
"295",0.960781945161159,0.958406700998294
"296",0.960872583368105,0.958373464399007
"297",0.961943903009806,0.959730838408177
"298",0.960700928759691,0.958572348768667
"299",0.96134424799503,0.957575236179638
"300",0.958191514696797,0.957484112003956
"301",0.960181875158974,0.958835401009184
"302",0.958267277681656,0.957164135684443
"303",0.961121603721909,0.957937016918795
"304",0.95904864300349,0.957364078913741
"305",0.959376384281169,0.955656277635175
"306",0.960755817276648,0.958387802096498
"307",0.958350460398767,0.957956295023568
"308",0.960347912925207,0.957941426300257
"309",0.961058927831928,0.95776111241285
"310",0.960119872686861,0.957995327169122
"311",0.958772011713066,0.958494777523516
"312",0.961189340876101,0.95886643412313
"313",0.960003329733101,0.956331347359517
"314",0.96020127158799,0.958161942493515
"315",0.959762385448056,0.95837728327176
"316",0.961243990710202,0.959968133946714
"317",0.959284951203912,0.959495871833372
"318",0.958409238120455,0.960034257990258
"319",0.960234311484348,0.955252603528281
"320",0.961253477023803,0.957818597273077
"321",0.95916504959671,0.957285284954302
"322",0.961224654744469,0.956685302313086
"323",0.960669038022226,0.958782955972994
"324",0.960100314093659,0.958085062321462
"325",0.959500090496322,0.959054792315633
"326",0.960032697559742,0.959336289667029
"327",0.960619037268699,0.959440277539125
"328",0.956640272599808,0.955299853257398
"329",0.959074014894831,0.959637489241521
"330",0.959337842668055,0.958975793245505
"331",0.959073757340914,0.95735007349342
"332",0.960246148892842,0.958013871760045
"333",0.958855315022204,0.958509170881145
"334",0.961226919674032,0.957409657321757
"335",0.959302005409964,0.958879657184365
"336",0.961473540696728,0.95773962582023
"337",0.959565642326423,0.956319202171647
"338",0.960663155350246,0.956781572129919
"339",0.957893797768785,0.957880716236882
"340",0.959739132116653,0.957088532033411
"341",0.960355272974137,0.957375155141199
"342",0.958526955592992,0.95621663288098
"343",0.959533525758366,0.957889790448591
"344",0.960575707789528,0.958009992879663
"345",0.961622893537711,0.957129395598152
"346",0.960858713658092,0.956168199453739
"347",0.961038048247113,0.957843863521976
"348",0.960006242268954,0.957365730442409
"349",0.960568830605021,0.958416872506105
"350",0.959033436539886,0.958155356852104
"351",0.959590390686554,0.958483696405259
"352",0.96115342050902,0.956654001835811
"353",0.959760125593851,0.955658377112951
"354",0.961760543336929,0.956490985016758
"355",0.961516832976673,0.958050244433179
"356",0.959166086967761,0.958747315413787
"357",0.95949383526552,0.958573738260342
"358",0.961429334715541,0.956856433035206
"359",0.962141423064341,0.958421503609536
"360",0.962111839727071,0.957959431031341
"361",0.959199374345041,0.959174475031177
"362",0.959831523346268,0.957187582585885
"363",0.961736611985991,0.958641540951963
"364",0.961087109246388,0.957904806840894
"365",0.958594373554709,0.95893584133453
"366",0.962144204906629,0.958885102385503
"367",0.959765726969439,0.956856354139643
"368",0.959650156070003,0.957051249432007
"369",0.959029669874744,0.956120470677368
"370",0.959938741073688,0.959346635713181
"371",0.960910241325104,0.958663451889214
"372",0.961582630762553,0.957682891811568
"373",0.961387486998156,0.958486405364144
"374",0.960429286855204,0.958142463185724
"375",0.959542757597345,0.957208973423069
"376",0.960484357771553,0.958259914830988
"377",0.960213063427586,0.95819733797755
"378",0.960309332045486,0.957046600056102
"379",0.961678367937019,0.95671507856955
"380",0.960120407898526,0.956994020694134
"381",0.959716011015299,0.957706660651942
"382",0.960508518871003,0.956427935327263
"383",0.960999174148719,0.955734189512754
"384",0.959311250862981,0.957629978351156
"385",0.959555870403452,0.956743767954046
"386",0.961604850638462,0.95672181678012
"387",0.960047738031331,0.959194034915649
"388",0.960322499665992,0.957517503772828
"389",0.96010627652418,0.957079402898091
"390",0.958879205439807,0.958240043517177
"391",0.958221158216747,0.957389433015758
"392",0.961782390351653,0.957452203079172
"393",0.960190639124496,0.957811941472498
"394",0.959686586737545,0.958419946495123
"395",0.959446306437025,0.95706743320998
"396",0.958890883593706,0.957729250576019
"397",0.960543734221353,0.955463120534084
"398",0.959862260738443,0.958431677018896
"399",0.960554621634588,0.957982737317135
"400",0.960512794179902,0.957472037479177
"401",0.957847244980406,0.958625722074316
"402",0.959546780579144,0.958867632626608
"403",0.960962201785852,0.958308510237556
"404",0.960054937746783,0.95828342850573
"405",0.960181178680695,0.958673218916882
"406",0.958206410470512,0.956077215304033
"407",0.96110800081569,0.958642670747893
"408",0.960113659888961,0.959282314884837
"409",0.960307697917898,0.957891831980708
"410",0.959325333202615,0.956840460976382
"411",0.959833691743271,0.959414271205031
"412",0.960839692402425,0.956803156066836
"413",0.958704841925852,0.959442950053173
"414",0.957874555621794,0.956913707016379
"415",0.96086513359063,0.957442072591445
"416",0.959866457592112,0.958162151076559
"417",0.96052513441534,0.95601845848591
"418",0.961297386521674,0.958603813216737
"419",0.960277290788067,0.959559517390766
"420",0.960993295764949,0.958537500905642
"421",0.960071654189628,0.957011866023882
"422",0.958747237940874,0.957828707058141
"423",0.959923498307192,0.958486376690165
"424",0.960839502137778,0.957765109872194
"425",0.960626577748355,0.959348222484119
"426",0.961487488023096,0.954740898018311
"427",0.960418290670428,0.957831998396841
"428",0.958898683761319,0.957747817568227
"429",0.959176588866685,0.957646434096039
"430",0.961171731524989,0.957715901247512
"431",0.961114837948044,0.958293428970948
"432",0.960501165230805,0.956186702964832
"433",0.959709030184445,0.957738500391312
"434",0.960854354351667,0.958514891901911
"435",0.960165076458343,0.957952648754991
"436",0.959383617461876,0.959664469792949
"437",0.960787685352867,0.957507196531334
"438",0.961146726121466,0.958587542920433
"439",0.960252264856555,0.956385128296971
"440",0.960378945617765,0.957201445385271
"441",0.959658166233752,0.957560352688037
"442",0.959801771900812,0.959722385128182
"443",0.958568534051337,0.956819342393832
"444",0.959918692318596,0.957943012943413
"445",0.959564578709424,0.956759832885669
"446",0.959285236032899,0.956471004219425
"447",0.960302148596037,0.957813261195561
"448",0.959098653634263,0.956314086089127
"449",0.960818551842986,0.956841498692258
"450",0.961448931748692,0.957822347523077
"451",0.960120899421416,0.958345307557805
"452",0.959395134734411,0.958532302024923
"453",0.958708413727964,0.957694978320916
"454",0.959171229482025,0.957527541888768
"455",0.958705681808397,0.958325365943897
"456",0.959439359769259,0.958449239740039
"457",0.958783248408583,0.958409270692224
"458",0.959542723450126,0.957832304983358
"459",0.958839720689054,0.960267043493545
"460",0.960570469134995,0.959174290822655
"461",0.961383849701368,0.958677929228928
"462",0.959110030693046,0.958601591436043
"463",0.961052886648979,0.958125907379062
"464",0.960426047604192,0.957486588386408
"465",0.959361871211731,0.957702611004938
"466",0.961230352388686,0.957565732969745
"467",0.958470834849128,0.959211579117011
"468",0.960109174161788,0.958504387000458
"469",0.960607966172134,0.955880034097948
"470",0.959906529076709,0.958774018224634
"471",0.960248833840355,0.957955786101746
"472",0.959720559467708,0.95768172300628
"473",0.959779604732045,0.957743079472792
"474",0.96196353624143,0.95726630134503
"475",0.959152583360987,0.959157741343823
"476",0.959943722958441,0.957821555769847
"477",0.959459126100826,0.957679883969173
"478",0.960871466095954,0.958509350493793
"479",0.958875360583084,0.960061571376614
"480",0.960757536487126,0.958597670492573
"481",0.959121955013723,0.956976761712475
"482",0.960828348212292,0.959146441874372
"483",0.960652218480495,0.957534459454098
"484",0.957873148066332,0.956129442026832
"485",0.959020628192198,0.957661817110986
"486",0.960135128171388,0.958226367481223
"487",0.960878972215554,0.959986143107123
"488",0.959718379514087,0.958345740532771
"489",0.962869518964464,0.957747933337405
"490",0.960931600748278,0.958674088396136
"491",0.96070047816356,0.960069808277653
"492",0.959198909015647,0.958913574169718
"493",0.960159000262265,0.959286781954987
"494",0.960710195693509,0.957538306813569
"495",0.957675892256859,0.957738638805595
"496",0.961308654279803,0.95691187089899
"497",0.961536914332177,0.959640503952041
"498",0.961288770138135,0.956241993557609
"499",0.959385570292515,0.958944959365621
"500",0.959750483220298,0.959717337748005
"501",0.959377141301229,0.957467651935528
"502",0.961617557137016,0.957955325184045
"503",0.960487087922588,0.959139706182979
"504",0.960329885614593,0.960307603469718
"505",0.960044207743404,0.958758354600807
"506",0.959781259232073,0.957813265011327
"507",0.9599624833115,0.956937764401528
"508",0.961300047863574,0.958494529115114
"509",0.959656366938992,0.958019223923457
"510",0.959674693911663,0.957705733972886
"511",0.960729114956637,0.957022307656763
"512",0.961681866516465,0.958857130115109
"513",0.959420084583092,0.957614908533151
"514",0.962213351606827,0.958012851211195
"515",0.960415257801531,0.956635186466048
"516",0.959442863298869,0.956350714256773
"517",0.960883269707425,0.956936073420893
"518",0.960092179481765,0.959988042951147
"519",0.961266172450574,0.957426525092304
"520",0.961077789124531,0.958600992489769
"521",0.960008172941726,0.956964428751944
"522",0.95986944341254,0.958390537184327
"523",0.959241740567918,0.959006609828635
"524",0.961436879662625,0.958570136799448
"525",0.961500550544093,0.959640722284442
"526",0.958961361801519,0.957857221859392
"527",0.960955006965063,0.959143397755328
"528",0.956957527048917,0.958731924101195
"529",0.95963906701962,0.956970446674805
"530",0.961283682758705,0.958796686388058
"531",0.95837714443352,0.958158441146524
"532",0.960369346450886,0.957736021308165
"533",0.959803014770121,0.956772589685897
"534",0.960513648396882,0.958351948801539
"535",0.960833805581703,0.958660963210736
"536",0.961587678940691,0.958723613037908
"537",0.959636661642046,0.958889592282956
"538",0.958845217873063,0.956151359545932
"539",0.959424672384089,0.95853197364787
"540",0.960033799128195,0.960365330303639
"541",0.960023724995047,0.958389450719759
"542",0.959303401345619,0.957647951290283
"543",0.961501798722334,0.955975867666385
"544",0.96096563066113,0.957952446994326
"545",0.960557697413796,0.959163054314595
"546",0.958108238243011,0.959867986908749
"547",0.96257937448095,0.957125347167723
"548",0.959755843791532,0.957430306663108
"549",0.961064323575193,0.95849880343935
"550",0.959822544824484,0.958741642241763
"551",0.958754486383568,0.95925203449756
"552",0.961194157547397,0.958220468682437
"553",0.960041209373189,0.954923873816793
"554",0.959356596566149,0.957651460019728
"555",0.960728225408835,0.961145200315345
"556",0.96067153529034,0.958280355819574
"557",0.95831583561077,0.955871828471666
"558",0.961173306351992,0.958692466538621
"559",0.958961958193409,0.957299809048895
"560",0.962198392035846,0.95731978407771
"561",0.962530792604689,0.958125786293205
"562",0.96116561960296,0.958800818105724
"563",0.960477317290397,0.958797736975382
"564",0.960638284476216,0.959014519195625
"565",0.958708858700332,0.957246750425633
"566",0.958310776616392,0.957802299829635
"567",0.961267293302462,0.958094018041346
"568",0.960577089701127,0.958649868478978
"569",0.960497641257497,0.958091721887046
"570",0.960055808481167,0.957362300238396
"571",0.959599095058142,0.957973851994525
"572",0.961053248557061,0.959084780201431
"573",0.95931033926616,0.95821556635555
"574",0.958828053354103,0.957512202081744
"575",0.961424573551851,0.959053472783059
"576",0.961514512900393,0.958806817662028
"577",0.959870885083826,0.959423586635088
"578",0.959813004295927,0.957775034040181
"579",0.960389996971034,0.957279903642148
"580",0.961636311826529,0.958355027142477
"581",0.960407825989457,0.957971692501336
"582",0.961236223618796,0.958981386473269
"583",0.958946613877767,0.955972734433448
"584",0.958640017406833,0.958592505382467
"585",0.961314659304874,0.955339814251931
"586",0.961543444391543,0.957316027689477
"587",0.960530501687951,0.95711345791607
"588",0.959099429170047,0.956310021869028
"589",0.961350195373844,0.959505459828358
"590",0.962185377959135,0.956846046896908
"591",0.960310530167201,0.958386076886307
"592",0.96081479889245,0.958045502221255
"593",0.960214472327394,0.956434909855468
"594",0.960753422374951,0.95935347375699
"595",0.961300722804196,0.957606511179314
"596",0.9616426791159,0.958534161076425
"597",0.961709864350302,0.959634797257231
"598",0.959044494643003,0.95751033531247
"599",0.961327436134545,0.95822890189459
"600",0.95986969380806,0.957991297622132
"601",0.96049257146282,0.959009780876869
"602",0.960113636659393,0.957676390380477
"603",0.958476343259601,0.95776603625943
"604",0.959096237734059,0.959765466582426
"605",0.960117774954563,0.959188884447551
"606",0.961979266271204,0.957482484754226
"607",0.959915451965784,0.957704882529405
"608",0.95945585249839,0.956644792101201
"609",0.959161253134526,0.958057904282639
"610",0.960533369174185,0.959017812209522
"611",0.959267185400494,0.956676419987594
"612",0.960346719032126,0.958003023134473
"613",0.960493988272985,0.957879359469246
"614",0.960222478619026,0.959889283286731
"615",0.960531158040413,0.956797924225697
"616",0.959822678336703,0.957740099151943
"617",0.961561596885321,0.957256950418291
"618",0.959322719575301,0.957736910743599
"619",0.959119915083455,0.958048314648683
"620",0.95819484449048,0.958033608376342
"621",0.960445794288728,0.958016098335564
"622",0.959434317266431,0.958233427198314
"623",0.959629192359678,0.958864173699588
"624",0.960505752970985,0.956916457319892
"625",0.961819725480766,0.959185018289697
"626",0.95723884466286,0.95792124246612
"627",0.960725377581994,0.959573527261079
"628",0.960269450795323,0.959093900874214
"629",0.958806948092551,0.958354289842075
"630",0.960183397449847,0.958162302928398
"631",0.96045513677244,0.958360110009595
"632",0.960034741588716,0.95765432259112
"633",0.958865156175377,0.957087804740406
"634",0.958684803044131,0.957470343717491
"635",0.958912580051845,0.954952151364152
"636",0.960649640559118,0.957021245114673
"637",0.95857872449108,0.958013914059296
"638",0.960076350582786,0.958489786187134
"639",0.959998449934663,0.958588932684057
"640",0.960939633446374,0.955169976170177
"641",0.961019916799473,0.958493883271778
"642",0.960096728895626,0.957194416258277
"643",0.960662164841697,0.958747208614106
"644",0.958813114678466,0.958718528192233
"645",0.961437536343229,0.957914072060451
"646",0.96107992359844,0.958336103376456
"647",0.958773385249778,0.956746436992798
"648",0.96058554661477,0.958158735931824
"649",0.960114292169997,0.95778167576372
"650",0.960839278828924,0.959650315404612
"651",0.958664832091539,0.959392571029967
"652",0.962009223982043,0.957851226512616
"653",0.959265843164269,0.957268409640996
"654",0.960229353974611,0.957699834763429
"655",0.960369385469874,0.95867038450956
"656",0.959114455764434,0.958043062347427
"657",0.960618998705826,0.957432337764287
"658",0.959832896553241,0.957331913184804
"659",0.958696355685944,0.956185037286851
"660",0.960844048280424,0.959888040770609
"661",0.959793979630064,0.95964373969588
"662",0.959554741282882,0.958507231278813
"663",0.960003429471103,0.957936442551733
"664",0.960659942736755,0.95764805598522
"665",0.959563847236258,0.958806158494121
"666",0.95989761625407,0.957450613441584
"667",0.959121210332843,0.960088939797468
"668",0.96164872654795,0.956306757124948
"669",0.959821243314719,0.957806910836464
"670",0.959941883937342,0.959742631122586
"671",0.959309988408394,0.954526148094004
"672",0.961417030057756,0.957513844536307
"673",0.961054538383045,0.957386359577272
"674",0.957663166524732,0.958387920772028
"675",0.9587606742307,0.959868924709633
"676",0.960333793957543,0.956408870438036
"677",0.960761085154162,0.958656574266644
"678",0.960573090453661,0.958061021416884
"679",0.960943440589463,0.95883012141694
"680",0.959362705632737,0.957371285898679
"681",0.960050019643206,0.958661150309476
"682",0.961446852737994,0.95645547624737
"683",0.960325083795889,0.957962946147781
"684",0.957245869958185,0.958101773287528
"685",0.96146805361026,0.958213422546664
"686",0.960846805691217,0.959432991714612
"687",0.959668105286263,0.955245860174655
"688",0.959763076691293,0.957814380545523
"689",0.958929815023743,0.958588588173085
"690",0.961348876738688,0.956819065779158
"691",0.958712962502288,0.958042225774769
"692",0.960732912862567,0.957656438336843
"693",0.961136679018542,0.957581793447691
"694",0.960721808492831,0.959258001390469
"695",0.958729803820024,0.956004858728354
"696",0.96011280653272,0.957219327715126
"697",0.959812363173652,0.959385345500076
"698",0.960189826845382,0.957159346070184
"699",0.960520497480491,0.956891419704531
"700",0.961054516109806,0.95803237869898
"701",0.959553548759592,0.958576554207329
"702",0.962703766705272,0.95651427742143
"703",0.9612096835199,0.958328037898815
"704",0.960653081957438,0.956286579555505
"705",0.959652234162908,0.959096253775429
"706",0.959878165957683,0.957420268822329
"707",0.960582868454328,0.957681304041371
"708",0.960600223193275,0.957459350354377
"709",0.960152149097267,0.957745705974803
"710",0.959906653839384,0.957222135500044
"711",0.958617963500669,0.956638212703191
"712",0.960371719766221,0.95892889759365
"713",0.960033346465851,0.959068429344316
"714",0.957119103195564,0.958305480910767
"715",0.959792240979701,0.958612701225873
"716",0.960503697965114,0.956899555200431
"717",0.960939603752306,0.956568923707692
"718",0.960308844576305,0.957675290068139
"719",0.96008780457633,0.9586156022332
"720",0.958994510574148,0.957864314371904
"721",0.960677224518394,0.957002311062963
"722",0.960736307243051,0.957522566543193
"723",0.960451845269934,0.958621923085421
"724",0.959369466503908,0.956497749358575
"725",0.96029299507496,0.958570229539633
"726",0.960010928718175,0.958657958740962
"727",0.960931564205518,0.958025342506114
"728",0.961306737970732,0.957933480803555
"729",0.960299298182884,0.958481423168334
"730",0.960867910039412,0.957965826686018
"731",0.958187779529036,0.957032235597885
"732",0.9603598807075,0.957614779488167
"733",0.959397501562336,0.95567849429127
"734",0.960592170479025,0.958285789996552
"735",0.960865923225967,0.956063704319973
"736",0.96152183803389,0.957872989233687
"737",0.958682097855338,0.957600784301039
"738",0.96047155098445,0.95872203983588
"739",0.959284300989598,0.957891934308563
"740",0.960636953098486,0.956264736062035
"741",0.961336047554462,0.957399209096649
"742",0.960249909237745,0.956520997725844
"743",0.959404894953948,0.959931163267955
"744",0.960267072068449,0.957775444295993
"745",0.960445655927488,0.956774763678177
"746",0.95830877182244,0.956987760493193
"747",0.95926194921546,0.959584676799567
"748",0.960778475445403,0.957127162303539
"749",0.961645124736262,0.957106360059893
"750",0.958440173099203,0.957191428684962
"751",0.959252864779666,0.957988440196278
"752",0.959874714028853,0.959206980393766
"753",0.959019100009484,0.959036330647142
"754",0.95934825324945,0.959315265359384
"755",0.958582852848012,0.957409943378384
"756",0.96036440340213,0.959075878414516
"757",0.960664693609873,0.957413429045598
"758",0.959213807885136,0.957042903995103
"759",0.959425462760568,0.956470476793626
"760",0.958585261787201,0.956793485102546
"761",0.959311728071558,0.958338902419296
"762",0.961079902394948,0.959088602654628
"763",0.959608493842628,0.958297981983199
"764",0.960300425027604,0.958251962841194
"765",0.960835560316828,0.957559880779428
"766",0.959831818280179,0.957147255569979
"767",0.960780114058873,0.957661348621285
"768",0.959581793237801,0.956943412701978
"769",0.960640951272067,0.956196039959938
"770",0.96064422366156,0.958238931611039
"771",0.960426919808831,0.958852283256347
"772",0.959429608804458,0.958882300875167
"773",0.959431324696949,0.95589987679047
"774",0.960954136842849,0.956126197740931
"775",0.9612803977781,0.958911090550698
"776",0.960885785997885,0.95944854937278
"777",0.959654021740004,0.958150641508058
"778",0.95874786795026,0.957661985756033
"779",0.959246685518948,0.957848337476805
"780",0.960210394165209,0.957084349787637
"781",0.959551606190312,0.957525981611717
"782",0.960316989848062,0.958453757250018
"783",0.961429327110198,0.95904570705303
"784",0.958424468464987,0.95825612661763
"785",0.960505198559264,0.960361089913976
"786",0.958605823185277,0.95924565956234
"787",0.960051220913338,0.957973576317322
"788",0.960175718793425,0.957997904361217
"789",0.958961988113776,0.956705956617304
"790",0.959636376507992,0.958913087421091
"791",0.960657613162033,0.959303992597415
"792",0.959456845651363,0.95895902724279
"793",0.959199528642538,0.95703227605045
"794",0.960628070261768,0.956531355960314
"795",0.960000782349927,0.958991887845046
"796",0.962210120231294,0.95787582622259
"797",0.959444253695564,0.956873797237175
"798",0.960189914959188,0.956320945718391
"799",0.959161120345677,0.959520969631122
"800",0.960790551107907,0.959350480916933
"801",0.9583602257876,0.95744579150773
"802",0.960995442196663,0.958114217161465
"803",0.958634379141101,0.957269936992536
"804",0.959730335547024,0.956746406681653
"805",0.961033024038468,0.957280627896162
"806",0.961540731338648,0.957292493236091
"807",0.96060843358516,0.958116649971904
"808",0.958872967644665,0.959034278204108
"809",0.960670283383427,0.957513318978423
"810",0.959446367661603,0.957066717831592
"811",0.960443625632133,0.958808136398092
"812",0.959647409978031,0.957704847434201
"813",0.95966971772412,0.957552129901079
"814",0.960159486335422,0.959118346894109
"815",0.960009395765508,0.958816413636672
"816",0.959223218537859,0.959562705553516
"817",0.961238879730472,0.958233277086369
"818",0.960197261743629,0.957883059707521
"819",0.959967875409364,0.956790826207189
"820",0.958075664671206,0.958032421942608
"821",0.960574394429548,0.958476836733427
"822",0.959025428570617,0.956458321309552
"823",0.958466403479179,0.958459515019636
"824",0.959610525819876,0.955050926382571
"825",0.958842148992451,0.958918514067144
"826",0.957845369298971,0.959999511142406
"827",0.960009799249141,0.956384606204889
"828",0.961090613899009,0.957653576377247
"829",0.958796226315349,0.956903307388526
"830",0.960650082406253,0.958868188798885
"831",0.960738612606053,0.957713543954015
"832",0.959865886240407,0.95801496033458
"833",0.959617369572133,0.958573208447695
"834",0.95997459535706,0.958138925591927
"835",0.959593097490899,0.956220433319522
"836",0.959758631661175,0.958811284988804
"837",0.959248984237747,0.958982210093146
"838",0.959836155101322,0.956821258308809
"839",0.960027155552675,0.959278691209498
"840",0.960645052372443,0.958150888662356
"841",0.960685029966505,0.957156475890635
"842",0.960629766427952,0.957751652190437
"843",0.960212356261213,0.95781042541664
"844",0.960307249328305,0.958334770738583
"845",0.958621532368384,0.95859998991578
"846",0.959012717416415,0.956773452283576
"847",0.959733582351119,0.959009756055977
"848",0.962402545018942,0.957848103723636
"849",0.959771500857556,0.959299322300215
"850",0.962012832106523,0.958546541332166
"851",0.960246764367476,0.958125150685072
"852",0.959828604891175,0.95845962974082
"853",0.959277508308771,0.957084691874272
"854",0.959777955095071,0.955368090910687
"855",0.960465074415668,0.958891702319977
"856",0.961158413174282,0.956115819682717
"857",0.960262026245457,0.959283631317755
"858",0.958974142578531,0.957276398244199
"859",0.959265853037268,0.958674033113576
"860",0.960048955075314,0.95731235972291
"861",0.95984618671455,0.957678193003057
"862",0.958595391662684,0.95988874652189
"863",0.961349410010202,0.957868088872933
"864",0.962170451240147,0.958988346692596
"865",0.959428029937174,0.958422348273698
"866",0.958994271017521,0.95882391961884
"867",0.96245716917118,0.958042511213218
"868",0.960192548209744,0.958737198748163
"869",0.96003788470871,0.958307973085936
"870",0.956957584095915,0.958481834665593
"871",0.961507721011932,0.958136027696156
"872",0.958014212213686,0.958069299199102
"873",0.960427838377359,0.958235230259022
"874",0.959454302824206,0.957913253247464
"875",0.960893939763687,0.958127682625652
"876",0.961030242851839,0.957059024740022
"877",0.959600216589931,0.957504185641542
"878",0.959999219525559,0.957887661627216
"879",0.959784452100543,0.959442595953122
"880",0.960388161613165,0.957291970159862
"881",0.959575464626025,0.958760738803442
"882",0.959596444749985,0.956197208326009
"883",0.959881171611681,0.958459932143869
"884",0.960585078531769,0.957677840438159
"885",0.958989926788894,0.957951928286759
"886",0.960159199803778,0.957896688767635
"887",0.959779520576808,0.957903308692972
"888",0.960204709259883,0.958131603294244
"889",0.960193565952949,0.957435277044747
"890",0.960224246202241,0.956657086011205
"891",0.959882132174761,0.958079083971658
"892",0.960027130382706,0.958887336711097
"893",0.958774452964051,0.957487028450359
"894",0.960526654382892,0.958163864048963
"895",0.959440107333348,0.957642286635061
"896",0.960265869294619,0.95849474793946
"897",0.960111432143062,0.958223854194811
"898",0.960666756668768,0.957260283958876
"899",0.959833597083172,0.958920799245842
"900",0.959200780132488,0.957417887436853
"901",0.958961497992013,0.95670697976659
"902",0.959961617403276,0.959994287276177
"903",0.958062476335326,0.957392071968965
"904",0.959985085853154,0.957213682354846
"905",0.959899111511178,0.956866476543749
"906",0.958567100997383,0.957698322657378
"907",0.961847838033964,0.959609437401091
"908",0.959487167384861,0.956635188474503
"909",0.959921198963993,0.959094449176045
"910",0.962100893739424,0.958909574777638
"911",0.958244628761972,0.957296958803875
"912",0.959510778541151,0.958769424979035
"913",0.960405270684022,0.959264635125585
"914",0.960531416757468,0.958784964508837
"915",0.959311698663681,0.959075597592578
"916",0.960214893825276,0.956605280890819
"917",0.958741341356461,0.958537173657012
"918",0.957876709082152,0.959165562935069
"919",0.960464273046889,0.957886900771322
"920",0.960620016966276,0.956837502544283
"921",0.959780482638312,0.957081356813808
"922",0.960307183454848,0.959240397203644
"923",0.959551329115602,0.958462355727373
"924",0.960233229668153,0.959119496458814
"925",0.960191653857413,0.955307427766143
"926",0.961881880906989,0.957743107665311
"927",0.959513411038688,0.957302947098202
"928",0.960867544724234,0.958441887485459
"929",0.962835150632209,0.957918641642268
"930",0.958806411377639,0.958107641242393
"931",0.960192683735444,0.95870057846943
"932",0.961231079942474,0.958352240746339
"933",0.960267896263793,0.958244015708247
"934",0.96048538703896,0.958258671828487
"935",0.960475263053326,0.957592672372544
"936",0.959396969784875,0.959072027233133
"937",0.959443148749937,0.95849931366733
"938",0.959326559377373,0.957904877478281
"939",0.959933432967775,0.958378008616175
"940",0.960530637387445,0.958681862222839
"941",0.961554676235313,0.956352060810408
"942",0.958895349995824,0.956682869018108
"943",0.960542335053746,0.958496416424206
"944",0.960066072092885,0.957575054716045
"945",0.959754378899319,0.958033983494579
"946",0.960687868619951,0.958315652466889
"947",0.959655436218479,0.958365090364208
"948",0.960263543787391,0.958602401998095
"949",0.96007119584017,0.957342739542287
"950",0.95819591204989,0.957089983327671
"951",0.960736872839514,0.9582634151615
"952",0.960176325256545,0.957217228240307
"953",0.960826287834387,0.956770405676002
"954",0.959147088461536,0.959226417745664
"955",0.960000956144136,0.958639962388048
"956",0.962042270751528,0.959141237831879
"957",0.960059885555347,0.957409405175453
"958",0.959763700110291,0.95713494107975
"959",0.960036500252706,0.958684177994033
"960",0.95955798653984,0.956275499787167
"961",0.958842868049105,0.955862019051059
"962",0.961594238148312,0.957098533306376
"963",0.959189929482813,0.960347165908882
"964",0.960591346401863,0.956933347797674
"965",0.961489926691045,0.955492621398007
"966",0.959882699470829,0.957519393985332
"967",0.959271889118493,0.958102466169627
"968",0.960138921359588,0.956859419315448
"969",0.958923512158347,0.958886355770053
"970",0.961570976323744,0.956859962430396
"971",0.95937166405078,0.957674551592033
"972",0.961299184792231,0.961061766514669
"973",0.958601284338688,0.957432127538899
"974",0.958983183741085,0.959231903351164
"975",0.962281597701071,0.958156044996209
"976",0.958942621117718,0.960469458758055
"977",0.960535500915944,0.956058708529564
"978",0.959204477854313,0.958685652414823
"979",0.960675244250436,0.959717816422484
"980",0.961035001659993,0.959066547437529
"981",0.961425537079381,0.958946420501065
"982",0.960304828243266,0.958815007693336
"983",0.960575110875084,0.958911684549167
"984",0.959462739633508,0.959920899376549
"985",0.959117768219662,0.959155758209108
"986",0.960772655206949,0.959945455406076
"987",0.960393730790846,0.957786521913915
"988",0.959372855424904,0.958038555431487
"989",0.95822003118869,0.957735772032698
"990",0.962021945056013,0.959906040869334
"991",0.960816406563106,0.958050231059816
"992",0.959627641504936,0.95848847717102
"993",0.959193335005554,0.959549281989793
"994",0.960484829532733,0.957357940521319
"995",0.96126545948771,0.958597950804217
"996",0.959501935557459,0.959496138477312
"997",0.959969534473681,0.958151993966735
"998",0.959639903434393,0.960074393756296
"999",0.960244396075789,0.957087538790633
"1000",0.960668628305247,0.958954281559567
