"","n","time_order_statistic_min","time_order_statistic_med","time_order_statistic_max"
"1",10000,0.00400000000008731,0.00400000000008731,0
"2",20000,0,0,0
"3",30000,0,0.00199999999967986,0
"4",40000,0.00199999999967986,0.00400000000008731,0
"5",50000,0.00400000000008731,0,0.00400000000008731
"6",60000,0,0,0
"7",70000,0,0,0
"8",80000,0,0,0.00400000000008731
"9",90000,0.00400000000008731,0,0.00199999999967986
"10",1e+05,0.00199999999967986,0.00400000000008731,0
"11",110000,0.00400000000008731,0.00400000000008731,0.00199999999967986
"12",120000,0.00400000000008731,0.00200000000040745,0
"13",130000,0,0.00199999999967986,0
"14",140000,0.00400000000008731,0,0
"15",150000,0.00400000000008731,0.00199999999967986,0.00199999999967986
"16",160000,0,0.00199999999967986,0.00199999999967986
"17",170000,0.00199999999967986,0.00399999999935972,0
"18",180000,0.00400000000008731,0.00400000000008731,0.00199999999967986
"19",190000,0.00199999999967986,0.00400000000008731,0.00399999999935972
"20",2e+05,0.00400000000008731,0.00599999999976717,0.00400000000008731
"21",210000,0.00200000000040745,0.00200000000040745,0
"22",220000,0.00200000000040745,0.00199999999967986,0.00199999999967986
"23",230000,0.00599999999976717,0.00400000000008731,0.00200000000040745
"24",240000,0.00200000000040745,0.00400000000008731,0.00199999999967986
"25",250000,0.00400000000008731,0.00199999999967986,0.00800000000017462
"26",260000,0.00199999999967986,0.00599999999976717,0.00199999999967986
"27",270000,0.00400000000008731,0.00599999999976717,0.00400000000008731
"28",280000,0.00800000000017462,0.00599999999976717,0.00200000000040745
"29",290000,0.00400000000008731,0.00599999999976717,0.00399999999935972
"30",3e+05,0.00800000000017462,0.00999999999985448,0.00399999999935972
"31",310000,0.00800000000017462,0.00599999999976717,0.00599999999976717
"32",320000,0.00599999999976717,0.00199999999967986,0.00599999999976717
"33",330000,0.00199999999967986,0.00800000000017462,0.00599999999976717
"34",340000,0.00600000000049476,0.00800000000017462,0.00399999999935972
"35",350000,0.00599999999976717,0.00599999999976717,0.00200000000040745
"36",360000,0.00599999999976717,0.00599999999976717,0.00200000000040745
"37",370000,0.00599999999976717,0.00999999999985448,0.00400000000008731
"38",380000,0.00400000000008731,0.00800000000017462,0.00199999999967986
"39",390000,0.00599999999976717,0.00800000000017462,0.00800000000017462
"40",4e+05,0.00200000000040745,0.0100000000005821,0.00199999999967986
"41",410000,0.00400000000008731,0.00999999999985448,0.00200000000040745
"42",420000,0.00199999999967986,0.00600000000049476,0.00199999999967986
"43",430000,0.00800000000017462,0.00800000000017462,0.00400000000008731
"44",440000,0.00599999999976717,0.0120000000002619,0.00600000000049476
"45",450000,0.00600000000049476,0.00999999999985448,0.00600000000049476
"46",460000,0.00599999999976717,0.00999999999985448,0.00800000000017462
"47",470000,0.00600000000049476,0.00999999999985448,0.00600000000049476
"48",480000,0.00599999999976717,0.00999999999985448,0.00800000000017462
"49",490000,0.00599999999976717,0.0120000000002619,0.00200000000040745
"50",5e+05,0.00400000000008731,0.0120000000002619,0.00599999999976717
"51",510000,0.00599999999976717,0.00999999999985448,0.00400000000008731
"52",520000,0.00999999999985448,0.00999999999985448,0.00800000000017462
"53",530000,0.00599999999976717,0.0120000000002619,0.00599999999976717
"54",540000,0.00999999999985448,0.0120000000002619,0.00999999999985448
"55",550000,0.00800000000017462,0.0120000000002619,0.00600000000049476
"56",560000,0.00999999999985448,0.00999999999985448,0.00599999999976717
"57",570000,0.00599999999976717,0.0120000000002619,0.00999999999985448
"58",580000,0.00599999999976717,0.0119999999995343,0.00800000000017462
"59",590000,0.00599999999976717,0.0120000000002619,0.00999999999985448
"60",6e+05,0.00999999999985448,0.0119999999995343,0.00999999999985448
"61",610000,0.00999999999985448,0.0120000000002619,0.00800000000017462
"62",620000,0.00800000000017462,0.0120000000002619,0.00600000000049476
"63",630000,0.00599999999976717,0.0160000000003492,0.00600000000049476
"64",640000,0.0119999999995343,0.0160000000003492,0.00599999999976717
"65",650000,0.00999999999985448,0.0139999999999418,0.00800000000017462
"66",660000,0.00800000000017462,0.0120000000002619,0.00999999999985448
"67",670000,0.00999999999985448,0.0120000000002619,0.00599999999976717
"68",680000,0.00599999999976717,0.0159999999996217,0.00599999999976717
"69",690000,0.00999999999985448,0.0160000000003492,0.00600000000049476
"70",7e+05,0.00800000000017462,0.0119999999995343,0.00999999999985448
"71",710000,0.00999999999985448,0.0120000000002619,0.00800000000017462
"72",720000,0.0120000000002619,0.0160000000003492,0.00999999999985448
"73",730000,0.00999999999985448,0.0159999999996217,0.00599999999976717
"74",740000,0.00800000000017462,0.0160000000003492,0.00400000000008731
"75",750000,0.0119999999995343,0.0160000000003492,0.00800000000017462
"76",760000,0.00999999999985448,0.0200000000004366,0.0120000000002619
"77",770000,0.0160000000003492,0.0139999999999418,0.0120000000002619
"78",780000,0.0119999999995343,0.0159999999996217,0.00800000000017462
"79",790000,0.0120000000002619,0.0180000000000291,0.0139999999999418
"80",8e+05,0.0160000000003492,0.0159999999996217,0.00800000000017462
"81",810000,0.00800000000017462,0.0160000000003492,0.00999999999985448
"82",820000,0.0119999999995343,0.0160000000003492,0.0139999999999418
"83",830000,0.0120000000002619,0.0159999999996217,0.0100000000005821
"84",840000,0.0120000000002619,0.0180000000000291,0.0139999999999418
"85",850000,0.0159999999996217,0.0180000000000291,0.0139999999999418
"86",860000,0.0139999999999418,0.0180000000000291,0.00999999999985448
"87",870000,0.0100000000005821,0.019999999999709,0.00800000000017462
"88",880000,0.0139999999999418,0.0180000000000291,0.0139999999999418
"89",890000,0.0159999999996217,0.0180000000000291,0.00800000000017462
"90",9e+05,0.0139999999999418,0.0180000000000291,0.0120000000002619
"91",910000,0.0119999999995343,0.0180000000000291,0.00999999999985448
"92",920000,0.00999999999985448,0.0180000000000291,0.00999999999985448
"93",930000,0.00999999999985448,0.0220000000001164,0.0159999999996217
"94",940000,0.0119999999995343,0.0180000000000291,0.0159999999996217
"95",950000,0.0139999999999418,0.019999999999709,0.0139999999999418
"96",960000,0.0120000000002619,0.0180000000000291,0.00999999999985448
"97",970000,0.0160000000003492,0.0220000000001164,0.0120000000002619
"98",980000,0.0160000000003492,0.0220000000001164,0.00999999999985448
"99",990000,0.0120000000002619,0.0220000000001164,0.00999999999985448
"100",1e+06,0.0160000000003492,0.0220000000001164,0.0120000000002619
"101",1010000,0.019999999999709,0.0239999999997963,0.0120000000002619
"102",1020000,0.0139999999999418,0.0180000000000291,0.00999999999985448
"103",1030000,0.0139999999999418,0.0220000000001164,0.00999999999985448
"104",1040000,0.0180000000000291,0.0259999999994761,0.0159999999996217
"105",1050000,0.0160000000003492,0.0180000000000291,0.00999999999985448
"106",1060000,0.0159999999996217,0.0220000000001164,0.00999999999985448
"107",1070000,0.0159999999996217,0.0260000000002037,0.0160000000003492
"108",1080000,0.0180000000000291,0.0239999999997963,0.0119999999995343
"109",1090000,0.0120000000002619,0.0220000000001164,0.0159999999996217
"110",1100000,0.00999999999985448,0.0180000000000291,0.0160000000003492
"111",1110000,0.00999999999985448,0.0279999999998836,0.0120000000002619
"112",1120000,0.0119999999995343,0.0279999999998836,0.0100000000005821
"113",1130000,0.0180000000000291,0.0260000000002037,0.0120000000002619
"114",1140000,0.0180000000000291,0.0239999999997963,0.0159999999996217
"115",1150000,0.0120000000002619,0.0279999999998836,0.0160000000003492
"116",1160000,0.0139999999999418,0.0260000000002037,0.0119999999995343
"117",1170000,0.0220000000001164,0.0220000000001164,0.0180000000000291
"118",1180000,0.0180000000000291,0.0279999999998836,0.0119999999995343
"119",1190000,0.0159999999996217,0.0319999999999709,0.019999999999709
"120",1200000,0.0120000000002619,0.0220000000001164,0.0180000000000291
"121",1210000,0.0159999999996217,0.0279999999998836,0.0119999999995343
"122",1220000,0.0160000000003492,0.030000000000291,0.0119999999995343
"123",1230000,0.019999999999709,0.0279999999998836,0.0159999999996217
"124",1240000,0.0239999999997963,0.0260000000002037,0.0139999999999418
"125",1250000,0.0180000000000291,0.030000000000291,0.0120000000002619
"126",1260000,0.019999999999709,0.0339999999996508,0.0160000000003492
"127",1270000,0.0220000000001164,0.030000000000291,0.019999999999709
"128",1280000,0.0159999999996217,0.0319999999999709,0.0180000000000291
"129",1290000,0.019999999999709,0.0279999999998836,0.0180000000000291
"130",1300000,0.0220000000001164,0.0259999999994761,0.0139999999999418
"131",1310000,0.0119999999995343,0.0279999999998836,0.0200000000004366
"132",1320000,0.0260000000002037,0.0340000000003784,0.0160000000003492
"133",1330000,0.0160000000003492,0.0259999999994761,0.0220000000001164
"134",1340000,0.019999999999709,0.0339999999996508,0.0159999999996217
"135",1350000,0.0180000000000291,0.0299999999995634,0.0159999999996217
"136",1360000,0.0180000000000291,0.0339999999996508,0.0139999999999418
"137",1370000,0.0160000000003492,0.0279999999998836,0.0139999999999418
"138",1380000,0.0139999999999418,0.0259999999994761,0.0220000000001164
"139",1390000,0.019999999999709,0.0280000000006112,0.0180000000000291
"140",1400000,0.019999999999709,0.0319999999999709,0.0120000000002619
"141",1410000,0.0180000000000291,0.030000000000291,0.0139999999999418
"142",1420000,0.0239999999997963,0.030000000000291,0.0180000000000291
"143",1430000,0.0220000000001164,0.030000000000291,0.0160000000003492
"144",1440000,0.0180000000000291,0.030000000000291,0.0160000000003492
"145",1450000,0.0220000000001164,0.0319999999999709,0.0159999999996217
"146",1460000,0.0200000000004366,0.0340000000003784,0.0139999999999418
"147",1470000,0.0220000000001164,0.030000000000291,0.0220000000001164
"148",1480000,0.019999999999709,0.0339999999996508,0.0160000000003492
"149",1490000,0.0139999999999418,0.0280000000006112,0.0119999999995343
"150",1500000,0.0159999999996217,0.0339999999996508,0.0219999999993888
"151",1510000,0.0220000000001164,0.0379999999997381,0.0239999999997963
"152",1520000,0.019999999999709,0.0299999999995634,0.0180000000000291
"153",1530000,0.0279999999998836,0.0339999999996508,0.0200000000004366
"154",1540000,0.0220000000001164,0.0279999999998836,0.0180000000000291
"155",1550000,0.0160000000003492,0.0360000000000582,0.0180000000000291
"156",1560000,0.019999999999709,0.0379999999997381,0.0260000000002037
"157",1570000,0.0279999999998836,0.0339999999996508,0.0200000000004366
"158",1580000,0.0180000000000291,0.0340000000003784,0.0159999999996217
"159",1590000,0.0220000000001164,0.0400000000001455,0.0219999999993888
"160",1600000,0.0279999999998836,0.0380000000004657,0.0180000000000291
"161",1610000,0.0220000000001164,0.0340000000003784,0.0180000000000291
"162",1620000,0.0180000000000291,0.0400000000001455,0.0180000000000291
"163",1630000,0.019999999999709,0.0299999999995634,0.019999999999709
"164",1640000,0.019999999999709,0.0360000000000582,0.0160000000003492
"165",1650000,0.0180000000000291,0.0319999999999709,0.0200000000004366
"166",1660000,0.0279999999998836,0.0339999999996508,0.0259999999994761
"167",1670000,0.0180000000000291,0.0319999999999709,0.0260000000002037
"168",1680000,0.0260000000002037,0.0380000000004657,0.0180000000000291
"169",1690000,0.0279999999998836,0.0339999999996508,0.019999999999709
"170",1700000,0.019999999999709,0.0400000000001455,0.0220000000001164
"171",1710000,0.0239999999997963,0.0339999999996508,0.0260000000002037
"172",1720000,0.0220000000001164,0.0400000000001455,0.0200000000004366
"173",1730000,0.0180000000000291,0.0380000000004657,0.0180000000000291
"174",1740000,0.0220000000001164,0.0340000000003784,0.019999999999709
"175",1750000,0.0220000000001164,0.0339999999996508,0.019999999999709
"176",1760000,0.019999999999709,0.0339999999996508,0.0279999999998836
"177",1770000,0.0299999999995634,0.0400000000001455,0.00999999999985448
"178",1780000,0.019999999999709,0.0400000000001455,0.0160000000003492
"179",1790000,0.0180000000000291,0.0399999999994179,0.0180000000000291
"180",1800000,0.0239999999997963,0.0400000000001455,0.0260000000002037
"181",1810000,0.0260000000002037,0.0400000000001455,0.0220000000001164
"182",1820000,0.0220000000001164,0.0440000000002328,0.0219999999993888
"183",1830000,0.0260000000002037,0.0380000000004657,0.0220000000001164
"184",1840000,0.0279999999998836,0.0379999999997381,0.0160000000003492
"185",1850000,0.0220000000001164,0.0379999999997381,0.019999999999709
"186",1860000,0.0279999999998836,0.0400000000001455,0.0260000000002037
"187",1870000,0.0279999999998836,0.0400000000001455,0.0220000000001164
"188",1880000,0.0239999999997963,0.0439999999995052,0.0240000000005239
"189",1890000,0.030000000000291,0.0419999999998254,0.0180000000000291
"190",1900000,0.0279999999998836,0.0400000000001455,0.0319999999999709
"191",1910000,0.0279999999998836,0.0360000000000582,0.0260000000002037
"192",1920000,0.0220000000001164,0.0419999999998254,0.0219999999993888
"193",1930000,0.0319999999999709,0.0400000000001455,0.0260000000002037
"194",1940000,0.0220000000001164,0.0460000000006403,0.0279999999998836
"195",1950000,0.0220000000001164,0.0440000000002328,0.0239999999997963
"196",1960000,0.0279999999998836,0.0379999999997381,0.0260000000002037
"197",1970000,0.0220000000001164,0.0480000000003201,0.0180000000000291
"198",1980000,0.0319999999999709,0.05,0.0220000000001164
"199",1990000,0.0279999999998836,0.0440000000002328,0.0220000000001164
"200",2e+06,0.0240000000005239,0.0440000000002328,0.0259999999994761
"201",2010000,0.0299999999995634,0.05,0.0279999999998836
"202",2020000,0.0260000000002037,0.05,0.0260000000002037
"203",2030000,0.0360000000000582,0.0519999999996799,0.0279999999998836
"204",2040000,0.0240000000005239,0.0439999999995052,0.0260000000002037
"205",2050000,0.0319999999999709,0.0439999999995052,0.0239999999997963
"206",2060000,0.0279999999998836,0.0419999999998254,0.0260000000002037
"207",2070000,0.0160000000003492,0.0459999999999127,0.0219999999993888
"208",2080000,0.0319999999999709,0.0540000000000873,0.0220000000001164
"209",2090000,0.0360000000000582,0.0439999999995052,0.0260000000002037
"210",2100000,0.0260000000002037,0.0540000000000873,0.0299999999995634
"211",2110000,0.0279999999998836,0.0400000000001455,0.0319999999999709
"212",2120000,0.0379999999997381,0.05,0.0319999999999709
"213",2130000,0.0379999999997381,0.0459999999999127,0.0260000000002037
"214",2140000,0.0379999999997381,0.0459999999999127,0.0239999999997963
"215",2150000,0.0279999999998836,0.05,0.0379999999997381
"216",2160000,0.0279999999998836,0.05,0.0319999999999709
"217",2170000,0.0220000000001164,0.0479999999995925,0.0159999999996217
"218",2180000,0.0180000000000291,0.05,0.0259999999994761
"219",2190000,0.0279999999998836,0.05,0.0220000000001164
"220",2200000,0.0280000000006112,0.0479999999995925,0.0340000000003784
"221",2210000,0.0340000000003784,0.0620000000002619,0.0220000000001164
"222",2220000,0.0280000000006112,0.0459999999999127,0.0239999999997963
"223",2230000,0.0240000000005239,0.0559999999997672,0.0379999999997381
"224",2240000,0.0279999999998836,0.05,0.0220000000001164
"225",2250000,0.030000000000291,0.0519999999996799,0.0279999999998836
"226",2260000,0.030000000000291,0.0559999999997672,0.0279999999998836
"227",2270000,0.0159999999996217,0.0519999999996799,0.0339999999996508
"228",2280000,0.0220000000001164,0.0540000000000873,0.0180000000000291
"229",2290000,0.0379999999997381,0.05,0.0260000000002037
"230",2300000,0.030000000000291,0.0540000000000873,0.0339999999996508
"231",2310000,0.0279999999998836,0.0540000000000873,0.0319999999999709
"232",2320000,0.0340000000003784,0.05,0.0260000000002037
"233",2330000,0.0339999999996508,0.05,0.0339999999996508
"234",2340000,0.0260000000002037,0.0440000000002328,0.0319999999999709
"235",2350000,0.0360000000000582,0.0559999999997672,0.019999999999709
"236",2360000,0.0239999999997963,0.05,0.0260000000002037
"237",2370000,0.0220000000001164,0.0440000000002328,0.0239999999997963
"238",2380000,0.0379999999997381,0.0559999999997672,0.0279999999998836
"239",2390000,0.0339999999996508,0.05,0.0220000000001164
"240",2400000,0.0260000000002037,0.0620000000002619,0.0280000000006112
"241",2410000,0.0360000000000582,0.05,0.0419999999998254
"242",2420000,0.0380000000004657,0.0680000000000291,0.0279999999998836
"243",2430000,0.0279999999998836,0.0540000000000873,0.0319999999999709
"244",2440000,0.0220000000001164,0.0559999999997672,0.0240000000005239
"245",2450000,0.0279999999998836,0.05,0.0319999999999709
"246",2460000,0.0319999999999709,0.0519999999996799,0.0279999999998836
"247",2470000,0.0379999999997381,0.0559999999997672,0.0239999999997963
"248",2480000,0.0440000000002328,0.05,0.0339999999996508
"249",2490000,0.0419999999998254,0.0559999999997672,0.0240000000005239
"250",2500000,0.0340000000003784,0.0560000000004948,0.0279999999998836
"251",2510000,0.019999999999709,0.0559999999997672,0.0180000000000291
"252",2520000,0.0439999999995052,0.0559999999997672,0.0340000000003784
"253",2530000,0.0379999999997381,0.0580000000001746,0.0279999999998836
"254",2540000,0.0279999999998836,0.0459999999999127,0.0239999999997963
"255",2550000,0.0279999999998836,0.05,0.0339999999996508
"256",2560000,0.0319999999999709,0.0639999999999418,0.0340000000003784
"257",2570000,0.0339999999996508,0.0520000000004075,0.0319999999999709
"258",2580000,0.0419999999998254,0.0560000000004948,0.0299999999995634
"259",2590000,0.030000000000291,0.0540000000000873,0.0340000000003784
"260",2600000,0.0339999999996508,0.0540000000000873,0.0260000000002037
"261",2610000,0.0339999999996508,0.0580000000001746,0.0340000000003784
"262",2620000,0.0339999999996508,0.05,0.0279999999998836
"263",2630000,0.0379999999997381,0.0599999999998545,0.0279999999998836
"264",2640000,0.0400000000001455,0.0580000000001746,0.0280000000006112
"265",2650000,0.0360000000000582,0.05,0.0319999999999709
"266",2660000,0.0340000000003784,0.0559999999997672,0.0240000000005239
"267",2670000,0.0440000000002328,0.0639999999999418,0.0279999999998836
"268",2680000,0.0479999999995925,0.0760000000002037,0.0279999999998836
"269",2690000,0.0400000000001455,0.0619999999995343,0.0240000000005239
"270",2700000,0.0519999999996799,0.080000000000291,0.0419999999998254
"271",2710000,0.0400000000001455,0.0779999999998836,0.0279999999998836
"272",2720000,0.0519999999996799,0.0779999999998836,0.030000000000291
"273",2730000,0.0319999999999709,0.0660000000003493,0.0479999999995925
"274",2740000,0.0319999999999709,0.0680000000000291,0.0360000000000582
"275",2750000,0.0379999999997381,0.0639999999999418,0.0280000000006112
"276",2760000,0.0380000000004657,0.0620000000002619,0.0260000000002037
"277",2770000,0.0279999999998836,0.0599999999998545,0.0340000000003784
"278",2780000,0.0459999999999127,0.0620000000002619,0.0400000000001455
"279",2790000,0.0280000000006112,0.0680000000000291,0.0319999999999709
"280",2800000,0.0399999999994179,0.0599999999998545,0.0379999999997381
"281",2810000,0.0419999999998254,0.0660000000003493,0.0279999999998836
"282",2820000,0.0339999999996508,0.0660000000003493,0.0379999999997381
"283",2830000,0.0440000000002328,0.0540000000000873,0.0319999999999709
"284",2840000,0.0419999999998254,0.0779999999998836,0.0279999999998836
"285",2850000,0.0440000000002328,0.0620000000002619,0.0400000000001455
"286",2860000,0.0339999999996508,0.0619999999995343,0.0379999999997381
"287",2870000,0.0400000000001455,0.0580000000001746,0.0319999999999709
"288",2880000,0.0560000000004948,0.0660000000003493,0.0379999999997381
"289",2890000,0.0399999999994179,0.0580000000001746,0.0360000000000582
"290",2900000,0.0680000000000291,0.0540000000000873,0.0380000000004657
"291",2910000,0.0560000000004948,0.0620000000002619,0.0379999999997381
"292",2920000,0.0460000000006403,0.0720000000001164,0.0239999999997963
"293",2930000,0.0400000000001455,0.0540000000000873,0.0380000000004657
"294",2940000,0.0559999999997672,0.0660000000003493,0.0380000000004657
"295",2950000,0.0380000000004657,0.0659999999996217,0.0419999999998254
"296",2960000,0.05,0.0860000000000582,0.0400000000001455
"297",2970000,0.0400000000001455,0.0560000000004948,0.0360000000000582
"298",2980000,0.0440000000002328,0.0639999999999418,0.0379999999997381
"299",2990000,0.0559999999997672,0.0580000000001746,0.0419999999998254
"300",3e+06,0.0480000000003201,0.0660000000003493,0.0280000000006112
"301",3010000,0.0440000000002328,0.0599999999998545,0.0379999999997381
"302",3020000,0.0340000000003784,0.0680000000000291,0.0400000000001455
"303",3030000,0.0339999999996508,0.0620000000002619,0.0319999999999709
"304",3040000,0.0400000000001455,0.0619999999995343,0.0319999999999709
"305",3050000,0.0360000000000582,0.0620000000002619,0.030000000000291
"306",3060000,0.0360000000000582,0.0839999999996508,0.0279999999998836
"307",3070000,0.0440000000002328,0.0720000000001164,0.0279999999998836
"308",3080000,0.0379999999997381,0.0659999999996217,0.0400000000001455
"309",3090000,0.05,0.0620000000002619,0.030000000000291
"310",3100000,0.0440000000002328,0.0580000000001746,0.0360000000000582
"311",3110000,0.0459999999999127,0.0720000000001164,0.0440000000002328
"312",3120000,0.0439999999995052,0.0659999999996217,0.0400000000001455
"313",3130000,0.0319999999999709,0.0759999999994761,0.0379999999997381
"314",3140000,0.0400000000001455,0.0680000000000291,0.0360000000000582
"315",3150000,0.0380000000004657,0.0660000000003493,0.0380000000004657
"316",3160000,0.05,0.0720000000001164,0.0379999999997381
"317",3170000,0.0419999999998254,0.0599999999998545,0.0379999999997381
"318",3180000,0.0319999999999709,0.0779999999998836,0.0400000000001455
"319",3190000,0.0319999999999709,0.0680000000000291,0.0340000000003784
"320",3200000,0.0360000000000582,0.0680000000000291,0.0200000000004366
"321",3210000,0.0360000000000582,0.0660000000003493,0.0360000000000582
"322",3220000,0.0480000000003201,0.0680000000000291,0.0399999999994179
"323",3230000,0.0599999999998545,0.0660000000003493,0.0400000000001455
"324",3240000,0.0560000000004948,0.0700000000004366,0.0339999999996508
"325",3250000,0.0440000000002328,0.0639999999999418,0.05
"326",3260000,0.05,0.0680000000000291,0.0379999999997381
"327",3270000,0.0459999999999127,0.0779999999998836,0.0480000000003201
"328",3280000,0.0440000000002328,0.0639999999999418,0.0440000000002328
"329",3290000,0.05,0.0720000000001164,0.0440000000002328
"330",3300000,0.0400000000001455,0.0779999999998836,0.0339999999996508
"331",3310000,0.0400000000001455,0.0779999999998836,0.0540000000000873
"332",3320000,0.05,0.0680000000000291,0.0560000000004948
"333",3330000,0.0339999999996508,0.0680000000000291,0.0319999999999709
"334",3340000,0.0380000000004657,0.0760000000002037,0.0400000000001455
"335",3350000,0.0480000000003201,0.0759999999994761,0.0379999999997381
"336",3360000,0.0439999999995052,0.0720000000001164,0.0339999999996508
"337",3370000,0.0540000000000873,0.0700000000004366,0.0419999999998254
"338",3380000,0.0340000000003784,0.0740000000005239,0.0380000000004657
"339",3390000,0.0600000000005821,0.0739999999997963,0.0480000000003201
"340",3400000,0.05,0.0819999999999709,0.0480000000003201
"341",3410000,0.0439999999995052,0.0700000000004366,0.0480000000003201
"342",3420000,0.0620000000002619,0.0720000000001164,0.0419999999998254
"343",3430000,0.0379999999997381,0.069999999999709,0.0439999999995052
"344",3440000,0.0520000000004075,0.0759999999994761,0.0379999999997381
"345",3450000,0.0440000000002328,0.080000000000291,0.0419999999998254
"346",3460000,0.0319999999999709,0.0660000000003493,0.0439999999995052
"347",3470000,0.0480000000003201,0.0819999999999709,0.0520000000004075
"348",3480000,0.0619999999995343,0.0879999999997381,0.05
"349",3490000,0.0540000000000873,0.0819999999999709,0.0419999999998254
"350",3500000,0.0540000000000873,0.0779999999998836,0.0440000000002328
"351",3510000,0.0440000000002328,0.0879999999997381,0.0340000000003784
"352",3520000,0.0560000000004948,0.0740000000005239,0.0339999999996508
"353",3530000,0.0559999999997672,0.0819999999999709,0.05
"354",3540000,0.0439999999995052,0.0720000000001164,0.0400000000001455
"355",3550000,0.0540000000000873,0.0780000000006112,0.0440000000002328
"356",3560000,0.0559999999997672,0.0840000000003784,0.0439999999995052
"357",3570000,0.0419999999998254,0.0739999999997963,0.05
"358",3580000,0.05,0.0839999999996508,0.0479999999995925
"359",3590000,0.0460000000006403,0.0739999999997963,0.05
"360",3600000,0.0400000000001455,0.0779999999998836,0.0419999999998254
"361",3610000,0.0419999999998254,0.0760000000002037,0.0340000000003784
"362",3620000,0.0540000000000873,0.0720000000001164,0.0599999999998545
"363",3630000,0.0720000000001164,0.0900000000001455,0.0339999999996508
"364",3640000,0.0520000000004075,0.0819999999999709,0.0360000000000582
"365",3650000,0.0479999999995925,0.0940000000002328,0.0520000000004075
"366",3660000,0.0620000000002619,0.0879999999997381,0.05
"367",3670000,0.05,0.0959999999999127,0.0440000000002328
"368",3680000,0.0400000000001455,0.0900000000001455,0.05
"369",3690000,0.0400000000001455,0.0840000000003784,0.0559999999997672
"370",3700000,0.0559999999997672,0.0660000000003493,0.0419999999998254
"371",3710000,0.0319999999999709,0.0840000000003784,0.0459999999999127
"372",3720000,0.05,0.0879999999997381,0.0480000000003201
"373",3730000,0.0419999999998254,0.0779999999998836,0.0419999999998254
"374",3740000,0.05,0.0940000000002328,0.0419999999998254
"375",3750000,0.0580000000001746,0.0840000000003784,0.05
"376",3760000,0.0459999999999127,0.0680000000000291,0.0459999999999127
"377",3770000,0.0480000000003201,0.0759999999994761,0.0459999999999127
"378",3780000,0.0340000000003784,0.0739999999997963,0.0459999999999127
"379",3790000,0.0539999999993597,0.080000000000291,0.0439999999995052
"380",3800000,0.0360000000000582,0.0839999999996508,0.0560000000004948
"381",3810000,0.0400000000001455,0.0839999999996508,0.05
"382",3820000,0.05,0.0819999999999709,0.0400000000001455
"383",3830000,0.0540000000000873,0.0720000000001164,0.0540000000000873
"384",3840000,0.0439999999995052,0.0840000000003784,0.0400000000001455
"385",3850000,0.0440000000002328,0.0840000000003784,0.0639999999999418
"386",3860000,0.0319999999999709,0.1,0.0519999999996799
"387",3870000,0.0620000000002619,0.0819999999999709,0.05
"388",3880000,0.0540000000000873,0.0919999999998254,0.0479999999995925
"389",3890000,0.0560000000004948,0.0919999999998254,0.0479999999995925
"390",3900000,0.0440000000002328,0.0880000000004657,0.0540000000000873
"391",3910000,0.0459999999999127,0.0779999999998836,0.0459999999999127
"392",3920000,0.05,0.0900000000001455,0.0580000000001746
"393",3930000,0.0639999999999418,0.0840000000003784,0.0519999999996799
"394",3940000,0.0360000000000582,0.0900000000001455,0.0279999999998836
"395",3950000,0.0560000000004948,0.0799999999995634,0.0459999999999127
"396",3960000,0.0540000000000873,0.0819999999999709,0.0340000000003784
"397",3970000,0.0720000000001164,0.0900000000001455,0.0400000000001455
"398",3980000,0.0660000000003493,0.0860000000000582,0.0520000000004075
"399",3990000,0.0720000000001164,0.0700000000004366,0.0459999999999127
"400",4e+06,0.0459999999999127,0.0939999999995052,0.0659999999996217
"401",4010000,0.05,0.0900000000001455,0.0440000000002328
"402",4020000,0.0220000000001164,0.0879999999997381,0.0519999999996799
"403",4030000,0.0459999999999127,0.0840000000003784,0.0639999999999418
"404",4040000,0.0519999999996799,0.0819999999999709,0.0340000000003784
"405",4050000,0.0779999999998836,0.0799999999995634,0.05
"406",4060000,0.0660000000003493,0.0860000000000582,0.0339999999996508
"407",4070000,0.0540000000000873,0.1,0.0439999999995052
"408",4080000,0.05,0.0819999999999709,0.0559999999997672
"409",4090000,0.05,0.0919999999998254,0.0519999999996799
"410",4100000,0.0400000000001455,0.0980000000003201,0.05
"411",4110000,0.05,0.0879999999997381,0.0399999999994179
"412",4120000,0.05,0.0900000000001455,0.0720000000001164
"413",4130000,0.0760000000002037,0.10199999999968,0.0439999999995052
"414",4140000,0.0440000000002328,0.10399999999936,0.0440000000002328
"415",4150000,0.05,0.0900000000001455,0.0380000000004657
"416",4160000,0.0599999999998545,0.0780000000006112,0.0580000000001746
"417",4170000,0.0559999999997672,0.0940000000002328,0.0380000000004657
"418",4180000,0.0660000000003493,0.0939999999995052,0.0540000000000873
"419",4190000,0.0520000000004075,0.109999999999854,0.0559999999997672
"420",4200000,0.0680000000000291,0.0939999999995052,0.0480000000003201
"421",4210000,0.0559999999997672,0.1,0.0419999999998254
"422",4220000,0.0319999999999709,0.0900000000001455,0.05
"423",4230000,0.0540000000000873,0.0919999999998254,0.0580000000001746
"424",4240000,0.0440000000002328,0.102000000000407,0.0580000000001746
"425",4250000,0.0860000000000582,0.108000000000175,0.05
"426",4260000,0.0580000000001746,0.0879999999997381,0.05
"427",4270000,0.0540000000000873,0.109999999999854,0.05
"428",4280000,0.0460000000006403,0.108000000000175,0.05
"429",4290000,0.0739999999997963,0.109999999999854,0.05
"430",4300000,0.05,0.104000000000087,0.0459999999999127
"431",4310000,0.0519999999996799,0.0879999999997381,0.0659999999996217
"432",4320000,0.0480000000003201,0.1,0.0540000000000873
"433",4330000,0.0540000000000873,0.1,0.05
"434",4340000,0.0539999999993597,0.0959999999999127,0.0540000000000873
"435",4350000,0.0599999999998545,0.10199999999968,0.0620000000002619
"436",4360000,0.0400000000001455,0.0959999999999127,0.0480000000003201
"437",4370000,0.0480000000003201,0.0980000000003201,0.0720000000001164
"438",4380000,0.0560000000004948,0.0940000000002328,0.0559999999997672
"439",4390000,0.0540000000000873,0.0860000000000582,0.0540000000000873
"440",4400000,0.0520000000004075,0.1,0.0580000000001746
"441",4410000,0.0560000000004948,0.0960000000006403,0.0599999999998545
"442",4420000,0.05,0.106000000000495,0.0519999999996799
"443",4430000,0.0619999999995343,0.1,0.0719999999993888
"444",4440000,0.0580000000001746,0.0940000000002328,0.0540000000000873
"445",4450000,0.0680000000000291,0.0960000000006403,0.0599999999998545
"446",4460000,0.0540000000000873,0.0959999999999127,0.0379999999997381
"447",4470000,0.0639999999999418,0.102000000000407,0.0599999999998545
"448",4480000,0.0580000000001746,0.0940000000002328,0.05
"449",4490000,0.0760000000002037,0.10199999999968,0.0599999999998545
"450",4500000,0.0879999999997381,0.0940000000002328,0.0720000000001164
"451",4510000,0.0580000000001746,0.104000000000087,0.0580000000001746
"452",4520000,0.069999999999709,0.0940000000002328,0.05
"453",4530000,0.0659999999996217,0.0959999999999127,0.0479999999995925
"454",4540000,0.0740000000005239,0.0940000000002328,0.0599999999998545
"455",4550000,0.0379999999997381,0.1,0.0540000000000873
"456",4560000,0.0439999999995052,0.1,0.0459999999999127
"457",4570000,0.0599999999998545,0.1,0.0619999999995343
"458",4580000,0.0740000000005239,0.134000000000378,0.0660000000003493
"459",4590000,0.0799999999995634,0.0919999999998254,0.0759999999994761
"460",4600000,0.0540000000000873,0.0940000000002328,0.0720000000001164
"461",4610000,0.0559999999997672,0.0879999999997381,0.0519999999996799
"462",4620000,0.0639999999999418,0.0940000000002328,0.0440000000002328
"463",4630000,0.0660000000003493,0.1,0.0459999999999127
"464",4640000,0.0639999999999418,0.1,0.0460000000006403
"465",4650000,0.0439999999995052,0.104000000000087,0.0560000000004948
"466",4660000,0.0480000000003201,0.10399999999936,0.0539999999993597
"467",4670000,0.0680000000000291,0.1,0.0599999999998545
"468",4680000,0.0720000000001164,0.0919999999998254,0.0700000000004366
"469",4690000,0.0660000000003493,0.0919999999998254,0.0519999999996799
"470",4700000,0.0739999999997963,0.108000000000175,0.0680000000000291
"471",4710000,0.0720000000001164,0.122000000000116,0.0760000000002037
"472",4720000,0.0460000000006403,0.0959999999999127,0.0519999999996799
"473",4730000,0.0660000000003493,0.105999999999767,0.0660000000003493
"474",4740000,0.0520000000004075,0.0980000000003201,0.0620000000002619
"475",4750000,0.0580000000001746,0.0940000000002328,0.05
"476",4760000,0.0959999999999127,0.1,0.0580000000001746
"477",4770000,0.0780000000006112,0.105999999999767,0.0599999999998545
"478",4780000,0.0879999999997381,0.105999999999767,0.0599999999998545
"479",4790000,0.0900000000001455,0.116000000000349,0.0560000000004948
"480",4800000,0.0479999999995925,0.0919999999998254,0.0540000000000873
"481",4810000,0.0719999999993888,0.119999999999709,0.0559999999997672
"482",4820000,0.0540000000000873,0.102000000000407,0.0680000000000291
"483",4830000,0.0619999999995343,0.1,0.0559999999997672
"484",4840000,0.0660000000003493,0.0979999999995926,0.0739999999997963
"485",4850000,0.05,0.102000000000407,0.069999999999709
"486",4860000,0.0819999999999709,0.104000000000087,0.0520000000004075
"487",4870000,0.0599999999998545,0.116000000000349,0.0540000000000873
"488",4880000,0.0419999999998254,0.1,0.0660000000003493
"489",4890000,0.0659999999996217,0.1,0.0440000000002328
"490",4900000,0.0559999999997672,0.108000000000175,0.0480000000003201
"491",4910000,0.0659999999996217,0.109999999999854,0.0559999999997672
"492",4920000,0.0680000000000291,0.111999999999534,0.0599999999998545
"493",4930000,0.0639999999999418,0.115999999999622,0.069999999999709
"494",4940000,0.0559999999997672,0.127999999999884,0.0519999999996799
"495",4950000,0.05,0.105999999999767,0.05
"496",4960000,0.0559999999997672,0.127999999999884,0.0659999999996217
"497",4970000,0.0660000000003493,0.105999999999767,0.0599999999998545
"498",4980000,0.0660000000003493,0.102000000000407,0.0760000000002037
"499",4990000,0.0639999999999418,0.109999999999854,0.0559999999997672
"500",5e+06,0.0660000000003493,0.121999999999389,0.0580000000001746
"501",5010000,0.112000000000262,0.112000000000262,0.0599999999998545
"502",5020000,0.0779999999998836,0.105999999999767,0.05
"503",5030000,0.05,0.120000000000437,0.0619999999995343
"504",5040000,0.0620000000002619,0.119999999999709,0.0400000000001455
"505",5050000,0.0599999999998545,0.0959999999999127,0.0540000000000873
"506",5060000,0.0780000000006112,0.112000000000262,0.0760000000002037
"507",5070000,0.0720000000001164,0.0900000000001455,0.0519999999996799
"508",5080000,0.0519999999996799,0.119999999999709,0.0660000000003493
"509",5090000,0.0759999999994761,0.116000000000349,0.0680000000000291
"510",5100000,0.0639999999999418,0.104000000000087,0.05
"511",5110000,0.0739999999997963,0.104000000000087,0.0680000000000291
"512",5120000,0.0779999999998836,0.104000000000087,0.0779999999998836
"513",5130000,0.0659999999996217,0.108000000000175,0.0819999999999709
"514",5140000,0.0819999999999709,0.105999999999767,0.0440000000002328
"515",5150000,0.0620000000002619,0.110000000000582,0.0660000000003493
"516",5160000,0.0759999999994761,0.10399999999936,0.0639999999999418
"517",5170000,0.05,0.108000000000175,0.0779999999998836
"518",5180000,0.0680000000000291,0.102000000000407,0.0360000000000582
"519",5190000,0.0779999999998836,0.0959999999999127,0.0680000000000291
"520",5200000,0.0779999999998836,0.109999999999854,0.0639999999999418
"521",5210000,0.0619999999995343,0.109999999999854,0.0779999999998836
"522",5220000,0.0639999999999418,0.131999999999971,0.0660000000003493
"523",5230000,0.0639999999999418,0.108000000000175,0.0440000000002328
"524",5240000,0.0700000000004366,0.123999999999796,0.0599999999998545
"525",5250000,0.0940000000002328,0.127999999999884,0.0540000000000873
"526",5260000,0.0779999999998836,0.111999999999534,0.0639999999999418
"527",5270000,0.0839999999996508,0.113999999999942,0.0720000000001164
"528",5280000,0.0580000000001746,0.122000000000116,0.0779999999998836
"529",5290000,0.0540000000000873,0.122000000000116,0.0599999999998545
"530",5300000,0.080000000000291,0.123999999999796,0.0680000000000291
"531",5310000,0.0740000000005239,0.106000000000495,0.0860000000000582
"532",5320000,0.0739999999997963,0.122000000000116,0.0660000000003493
"533",5330000,0.0739999999997963,0.1,0.0540000000000873
"534",5340000,0.0840000000003784,0.121999999999389,0.0779999999998836
"535",5350000,0.0880000000004657,0.122000000000116,0.0620000000002619
"536",5360000,0.0419999999998254,0.109999999999854,0.069999999999709
"537",5370000,0.0760000000002037,0.127999999999884,0.0639999999999418
"538",5380000,0.0620000000002619,0.126000000000204,0.0580000000001746
"539",5390000,0.0760000000002037,0.112000000000262,0.0620000000002619
"540",5400000,0.0519999999996799,0.127999999999884,0.069999999999709
"541",5410000,0.0739999999997963,0.118000000000029,0.0540000000000873
"542",5420000,0.0620000000002619,0.137999999999738,0.0599999999998545
"543",5430000,0.0760000000002037,0.136000000000058,0.0700000000004366
"544",5440000,0.0620000000002619,0.119999999999709,0.0619999999995343
"545",5450000,0.0580000000001746,0.118000000000029,0.0440000000002328
"546",5460000,0.069999999999709,0.0940000000002328,0.0680000000000291
"547",5470000,0.0779999999998836,0.109999999999854,0.069999999999709
"548",5480000,0.0819999999999709,0.113999999999942,0.0619999999995343
"549",5490000,0.0599999999998545,0.116000000000349,0.0620000000002619
"550",5500000,0.0599999999998545,0.127999999999884,0.0919999999998254
"551",5510000,0.0840000000003784,0.127999999999884,0.0599999999998545
"552",5520000,0.0779999999998836,0.137999999999738,0.0560000000004948
"553",5530000,0.0720000000001164,0.0879999999997381,0.0760000000002037
"554",5540000,0.0659999999996217,0.126000000000204,0.0639999999999418
"555",5550000,0.0580000000001746,0.140000000000146,0.0660000000003493
"556",5560000,0.0779999999998836,0.140000000000146,0.0620000000002619
"557",5570000,0.0619999999995343,0.108000000000175,0.0879999999997381
"558",5580000,0.0680000000000291,0.118000000000029,0.0540000000000873
"559",5590000,0.05,0.119999999999709,0.0660000000003493
"560",5600000,0.0780000000006112,0.122000000000116,0.0739999999997963
"561",5610000,0.0739999999997963,0.113999999999942,0.0580000000001746
"562",5620000,0.0780000000006112,0.131999999999971,0.05
"563",5630000,0.0559999999997672,0.136000000000058,0.0639999999999418
"564",5640000,0.0819999999999709,0.130000000000291,0.0580000000001746
"565",5650000,0.0719999999993888,0.113999999999942,0.0540000000000873
"566",5660000,0.0620000000002619,0.159999999999854,0.0780000000006112
"567",5670000,0.0720000000001164,0.1,0.0599999999998545
"568",5680000,0.0819999999999709,0.110000000000582,0.0659999999996217
"569",5690000,0.0580000000001746,0.121999999999389,0.0639999999999418
"570",5700000,0.0620000000002619,0.136000000000058,0.069999999999709
"571",5710000,0.069999999999709,0.127999999999884,0.0860000000000582
"572",5720000,0.0740000000005239,0.136000000000058,0.0680000000000291
"573",5730000,0.080000000000291,0.126000000000204,0.0720000000001164
"574",5740000,0.0619999999995343,0.137999999999738,0.0880000000004657
"575",5750000,0.0840000000003784,0.134000000000378,0.0739999999997963
"576",5760000,0.115999999999622,0.141999999999825,0.0919999999998254
"577",5770000,0.0639999999999418,0.123999999999796,0.069999999999709
"578",5780000,0.0819999999999709,0.120000000000437,0.0560000000004948
"579",5790000,0.0580000000001746,0.1,0.069999999999709
"580",5800000,0.0779999999998836,0.137999999999738,0.0540000000000873
"581",5810000,0.0659999999996217,0.145999999999913,0.0680000000000291
"582",5820000,0.0819999999999709,0.134000000000378,0.0819999999999709
"583",5830000,0.0680000000000291,0.131999999999971,0.0799999999995634
"584",5840000,0.0940000000002328,0.122000000000116,0.0680000000000291
"585",5850000,0.106000000000495,0.144000000000233,0.0680000000000291
"586",5860000,0.0779999999998836,0.137999999999738,0.0839999999996508
"587",5870000,0.104000000000087,0.126000000000204,0.0720000000001164
"588",5880000,0.0919999999998254,0.133999999999651,0.0559999999997672
"589",5890000,0.0620000000002619,0.112000000000262,0.0779999999998836
"590",5900000,0.0919999999998254,0.155999999999767,0.0560000000004948
"591",5910000,0.0900000000001455,0.118000000000029,0.0759999999994761
"592",5920000,0.0900000000001455,0.123999999999796,0.0840000000003784
"593",5930000,0.0680000000000291,0.141999999999825,0.069999999999709
"594",5940000,0.0459999999999127,0.131999999999971,0.0620000000002619
"595",5950000,0.0639999999999418,0.147999999999593,0.0620000000002619
"596",5960000,0.104000000000087,0.140000000000146,0.069999999999709
"597",5970000,0.0599999999998545,0.127999999999884,0.0680000000000291
"598",5980000,0.0659999999996217,0.127999999999884,0.0760000000002037
"599",5990000,0.0940000000002328,0.123999999999796,0.0819999999999709
"600",6e+06,0.0739999999997963,0.126000000000204,0.0819999999999709
"601",6010000,0.0659999999996217,0.141999999999825,0.0720000000001164
"602",6020000,0.0939999999995052,0.144000000000233,0.0599999999998545
"603",6030000,0.0940000000002328,0.130000000000291,0.0740000000005239
"604",6040000,0.0959999999999127,0.116000000000349,0.0639999999999418
"605",6050000,0.0959999999999127,0.118000000000029,0.0900000000001455
"606",6060000,0.0839999999996508,0.152000000000407,0.0720000000001164
"607",6070000,0.080000000000291,0.134000000000378,0.0799999999995634
"608",6080000,0.0960000000006403,0.131999999999971,0.104000000000087
"609",6090000,0.0720000000001164,0.140000000000146,0.0860000000000582
"610",6100000,0.0860000000000582,0.134000000000378,0.0739999999997963
"611",6110000,0.104000000000087,0.145999999999913,0.0659999999996217
"612",6120000,0.0940000000002328,0.136000000000058,0.0680000000000291
"613",6130000,0.0739999999997963,0.152000000000407,0.0780000000006112
"614",6140000,0.0780000000006112,0.131999999999971,0.0879999999997381
"615",6150000,0.0899999999994179,0.128000000000611,0.069999999999709
"616",6160000,0.0740000000005239,0.122000000000116,0.0860000000000582
"617",6170000,0.0779999999998836,0.137999999999738,0.0819999999999709
"618",6180000,0.0860000000000582,0.137999999999738,0.0680000000000291
"619",6190000,0.108000000000175,0.137999999999738,0.0879999999997381
"620",6200000,0.0660000000003493,0.144000000000233,0.0660000000003493
"621",6210000,0.104000000000087,0.126000000000204,0.0779999999998836
"622",6220000,0.080000000000291,0.131999999999971,0.0779999999998836
"623",6230000,0.0959999999999127,0.128000000000611,0.0819999999999709
"624",6240000,0.0840000000003784,0.122000000000116,0.0639999999999418
"625",6250000,0.0740000000005239,0.15,0.0900000000001455
"626",6260000,0.0659999999996217,0.131999999999971,0.0520000000004075
"627",6270000,0.0779999999998836,0.147999999999593,0.0660000000003493
"628",6280000,0.080000000000291,0.137999999999738,0.0940000000002328
"629",6290000,0.1,0.130000000000291,0.0739999999997963
"630",6300000,0.0959999999999127,0.159999999999854,0.0759999999994761
"631",6310000,0.0840000000003784,0.147999999999593,0.0840000000003784
"632",6320000,0.069999999999709,0.162000000000262,0.0660000000003493
"633",6330000,0.0779999999998836,0.136000000000058,0.0720000000001164
"634",6340000,0.0879999999997381,0.141999999999825,0.0959999999999127
"635",6350000,0.0839999999996508,0.108000000000175,0.0739999999997963
"636",6360000,0.120000000000437,0.144000000000233,0.0879999999997381
"637",6370000,0.0840000000003784,0.140000000000146,0.0559999999997672
"638",6380000,0.0700000000004366,0.127999999999884,0.0919999999998254
"639",6390000,0.0940000000002328,0.169999999999709,0.080000000000291
"640",6400000,0.0900000000001455,0.126000000000204,0.0919999999998254
"641",6410000,0.0919999999998254,0.14800000000032,0.0720000000001164
"642",6420000,0.0599999999998545,0.163999999999942,0.0779999999998836
"643",6430000,0.102000000000407,0.136000000000058,0.0740000000005239
"644",6440000,0.0940000000002328,0.154000000000087,0.0899999999994179
"645",6450000,0.0959999999999127,0.161999999999534,0.080000000000291
"646",6460000,0.0760000000002037,0.154000000000087,0.0779999999998836
"647",6470000,0.0779999999998836,0.140000000000146,0.0700000000004366
"648",6480000,0.0819999999999709,0.115999999999622,0.0980000000003201
"649",6490000,0.1,0.145999999999913,0.0879999999997381
"650",6500000,0.0879999999997381,0.122000000000116,0.1
"651",6510000,0.0680000000000291,0.145999999999913,0.0880000000004657
"652",6520000,0.0680000000000291,0.133999999999651,0.0680000000000291
"653",6530000,0.109999999999854,0.159999999999854,0.0659999999996217
"654",6540000,0.0860000000000582,0.123999999999796,0.0839999999996508
"655",6550000,0.0900000000001455,0.144000000000233,0.080000000000291
"656",6560000,0.0540000000000873,0.216000000000349,0.0760000000002037
"657",6570000,0.0819999999999709,0.136000000000058,0.0779999999998836
"658",6580000,0.080000000000291,0.138000000000466,0.0779999999998836
"659",6590000,0.0819999999999709,0.154000000000087,0.0839999999996508
"660",6600000,0.0799999999995634,0.154000000000087,0.080000000000291
"661",6610000,0.0779999999998836,0.145999999999913,0.0900000000001455
"662",6620000,0.0680000000000291,0.131999999999971,0.112000000000262
"663",6630000,0.080000000000291,0.144000000000233,0.0860000000000582
"664",6640000,0.1,0.141999999999825,0.0759999999994761
"665",6650000,0.0599999999998545,0.162000000000262,0.080000000000291
"666",6660000,0.0840000000003784,0.137999999999738,0.0860000000000582
"667",6670000,0.0720000000001164,0.169999999999709,0.0879999999997381
"668",6680000,0.0819999999999709,0.130000000000291,0.0839999999996508
"669",6690000,0.0740000000005239,0.144000000000233,0.0720000000001164
"670",6700000,0.0940000000002328,0.131999999999971,0.0939999999995052
"671",6710000,0.0879999999997381,0.15199999999968,0.0779999999998836
"672",6720000,0.0959999999999127,0.165999999999622,0.0959999999999127
"673",6730000,0.0779999999998836,0.140000000000146,0.069999999999709
"674",6740000,0.0739999999997963,0.147999999999593,0.0860000000000582
"675",6750000,0.0599999999998545,0.168000000000029,0.080000000000291
"676",6760000,0.105999999999767,0.165999999999622,0.0659999999996217
"677",6770000,0.0860000000000582,0.162000000000262,0.0819999999999709
"678",6780000,0.0840000000003784,0.152000000000407,0.0720000000001164
"679",6790000,0.0860000000000582,0.147999999999593,0.0720000000001164
"680",6800000,0.0720000000001164,0.144000000000233,0.0980000000003201
"681",6810000,0.113999999999942,0.143999999999505,0.104000000000087
"682",6820000,0.0599999999998545,0.166000000000349,0.0720000000001164
"683",6830000,0.10199999999968,0.166000000000349,0.0779999999998836
"684",6840000,0.080000000000291,0.172000000000116,0.0959999999999127
"685",6850000,0.0839999999996508,0.131999999999971,0.0980000000003201
"686",6860000,0.1,0.144000000000233,0.0919999999998254
"687",6870000,0.0639999999999418,0.127999999999884,0.0619999999995343
"688",6880000,0.0980000000003201,0.172000000000116,0.0900000000001455
"689",6890000,0.1,0.144000000000233,0.0680000000000291
"690",6900000,0.0959999999999127,0.166000000000349,0.0779999999998836
"691",6910000,0.0900000000001455,0.159999999999854,0.0979999999995926
"692",6920000,0.104000000000087,0.139999999999418,0.0780000000006112
"693",6930000,0.0900000000001455,0.138000000000466,0.0839999999996508
"694",6940000,0.0680000000000291,0.145999999999913,0.0979999999995926
"695",6950000,0.1,0.158000000000175,0.0779999999998836
"696",6960000,0.0940000000002328,0.152000000000407,0.0900000000001455
"697",6970000,0.104000000000087,0.15,0.0959999999999127
"698",6980000,0.104000000000087,0.143999999999505,0.0840000000003784
"699",6990000,0.0900000000001455,0.169999999999709,0.0819999999999709
"700",7e+06,0.110000000000582,0.134000000000378,0.0900000000001455
"701",7010000,0.112000000000262,0.172000000000116,0.0779999999998836
"702",7020000,0.0819999999999709,0.140000000000146,0.108000000000175
"703",7030000,0.0839999999996508,0.190000000000146,0.0839999999996508
"704",7040000,0.0940000000002328,0.158000000000175,0.0839999999996508
"705",7050000,0.0840000000003784,0.141999999999825,0.105999999999767
"706",7060000,0.102000000000407,0.172000000000116,0.104000000000087
"707",7070000,0.104000000000087,0.179999999999563,0.0779999999998836
"708",7080000,0.0900000000001455,0.169999999999709,0.0839999999996508
"709",7090000,0.116000000000349,0.166000000000349,0.0879999999997381
"710",7100000,0.0919999999998254,0.222000000000116,0.0840000000003784
"711",7110000,0.10199999999968,0.134000000000378,0.0780000000006112
"712",7120000,0.0959999999999127,0.138000000000466,0.0819999999999709
"713",7130000,0.0980000000003201,0.168000000000029,0.0839999999996508
"714",7140000,0.1,0.181999999999971,0.1
"715",7150000,0.0980000000003201,0.14800000000032,0.106000000000495
"716",7160000,0.109999999999854,0.14800000000032,0.1
"717",7170000,0.122000000000116,0.165999999999622,0.0639999999999418
"718",7180000,0.1,0.134000000000378,0.0979999999995926
"719",7190000,0.102000000000407,0.15,0.0840000000003784
"720",7200000,0.112000000000262,0.174000000000524,0.0639999999999418
"721",7210000,0.0860000000000582,0.163999999999942,0.0940000000002328
"722",7220000,0.1,0.172000000000116,0.108000000000175
"723",7230000,0.0659999999996217,0.161999999999534,0.0779999999998836
"724",7240000,0.0980000000003201,0.159999999999854,0.0980000000003201
"725",7250000,0.112000000000262,0.158000000000175,0.0760000000002037
"726",7260000,0.104000000000087,0.140000000000146,0.104000000000087
"727",7270000,0.0779999999998836,0.176000000000204,0.0720000000001164
"728",7280000,0.0819999999999709,0.15199999999968,0.0980000000003201
"729",7290000,0.0760000000002037,0.187999999999738,0.105999999999767
"730",7300000,0.0839999999996508,0.166000000000349,0.0939999999995052
"731",7310000,0.1,0.155999999999767,0.0960000000006403
"732",7320000,0.1,0.138000000000466,0.0759999999994761
"733",7330000,0.1,0.162000000000262,0.0779999999998836
"734",7340000,0.0900000000001455,0.154000000000087,0.0860000000000582
"735",7350000,0.113999999999942,0.143999999999505,0.0839999999996508
"736",7360000,0.0860000000000582,0.145999999999913,0.102000000000407
"737",7370000,0.0680000000000291,0.145999999999913,0.105999999999767
"738",7380000,0.108000000000175,0.122000000000116,0.115999999999622
"739",7390000,0.0979999999995926,0.144000000000233,0.0940000000002328
"740",7400000,0.0720000000001164,0.143999999999505,0.0940000000002328
"741",7410000,0.118000000000029,0.168000000000029,0.0900000000001455
"742",7420000,0.105999999999767,0.15,0.108000000000175
"743",7430000,0.137999999999738,0.154000000000087,0.0980000000003201
"744",7440000,0.0840000000003784,0.131999999999971,0.106000000000495
"745",7450000,0.0539999999993597,0.145999999999913,0.0940000000002328
"746",7460000,0.104000000000087,0.118000000000029,0.118000000000029
"747",7470000,0.0900000000001455,0.176000000000204,0.10199999999968
"748",7480000,0.144000000000233,0.169999999999709,0.0880000000004657
"749",7490000,0.0860000000000582,0.166000000000349,0.122000000000116
"750",7500000,0.102000000000407,0.15,0.133999999999651
"751",7510000,0.0580000000001746,0.183999999999651,0.104000000000087
"752",7520000,0.105999999999767,0.155999999999767,0.080000000000291
"753",7530000,0.0879999999997381,0.15,0.1
"754",7540000,0.0919999999998254,0.15,0.124000000000524
"755",7550000,0.105999999999767,0.15,0.118000000000029
"756",7560000,0.15,0.131999999999971,0.118000000000029
"757",7570000,0.0959999999999127,0.156000000000495,0.116000000000349
"758",7580000,0.0940000000002328,0.15,0.115999999999622
"759",7590000,0.1,0.183999999999651,0.127999999999884
"760",7600000,0.131999999999971,0.154000000000087,0.0819999999999709
"761",7610000,0.10199999999968,0.175999999999476,0.118000000000029
"762",7620000,0.0879999999997381,0.127999999999884,0.0839999999996508
"763",7630000,0.127999999999884,0.159999999999854,0.102000000000407
"764",7640000,0.1,0.15,0.0940000000002328
"765",7650000,0.104000000000087,0.158000000000175,0.122000000000116
"766",7660000,0.0900000000001455,0.140000000000146,0.0959999999999127
"767",7670000,0.0819999999999709,0.155999999999767,0.15
"768",7680000,0.0680000000000291,0.15,0.118000000000029
"769",7690000,0.140000000000146,0.172000000000116,0.112000000000262
"770",7700000,0.120000000000437,0.172000000000116,0.0880000000004657
"771",7710000,0.118000000000029,0.158000000000175,0.10199999999968
"772",7720000,0.0940000000002328,0.175999999999476,0.0919999999998254
"773",7730000,0.0900000000001455,0.15,0.126000000000204
"774",7740000,0.0779999999998836,0.131999999999971,0.0959999999999127
"775",7750000,0.116000000000349,0.158000000000175,0.0980000000003201
"776",7760000,0.0899999999994179,0.155999999999767,0.106000000000495
"777",7770000,0.0900000000001455,0.161999999999534,0.0959999999999127
"778",7780000,0.0740000000005239,0.186000000000058,0.128000000000611
"779",7790000,0.0899999999994179,0.208000000000175,0.106000000000495
"780",7800000,0.124000000000524,0.190000000000146,0.0819999999999709
"781",7810000,0.115999999999622,0.168000000000029,0.108000000000175
"782",7820000,0.122000000000116,0.190000000000146,0.108000000000175
"783",7830000,0.0599999999998545,0.159999999999854,0.104000000000087
"784",7840000,0.109999999999854,0.179999999999563,0.0900000000001455
"785",7850000,0.143999999999505,0.168000000000029,0.115999999999622
"786",7860000,0.123999999999796,0.177999999999884,0.130000000000291
"787",7870000,0.0900000000001455,0.15199999999968,0.131999999999971
"788",7880000,0.133999999999651,0.136000000000058,0.0939999999995052
"789",7890000,0.118000000000029,0.155999999999767,0.1
"790",7900000,0.116000000000349,0.168000000000029,0.1
"791",7910000,0.137999999999738,0.145999999999913,0.112000000000262
"792",7920000,0.122000000000116,0.177999999999884,0.0900000000001455
"793",7930000,0.0959999999999127,0.163999999999942,0.109999999999854
"794",7940000,0.0960000000006403,0.165999999999622,0.121999999999389
"795",7950000,0.0959999999999127,0.145999999999913,0.140000000000146
"796",7960000,0.119999999999709,0.165999999999622,0.126000000000204
"797",7970000,0.106000000000495,0.188000000000466,0.0900000000001455
"798",7980000,0.0900000000001455,0.169999999999709,0.1
"799",7990000,0.0759999999994761,0.140000000000146,0.108000000000175
"800",8e+06,0.102000000000407,0.163999999999942,0.109999999999854
"801",8010000,0.0919999999998254,0.181999999999971,0.105999999999767
"802",8020000,0.112000000000262,0.168000000000029,0.106000000000495
"803",8030000,0.105999999999767,0.166000000000349,0.1
"804",8040000,0.0840000000003784,0.188000000000466,0.109999999999854
"805",8050000,0.0900000000001455,0.15,0.0959999999999127
"806",8060000,0.10199999999968,0.172000000000116,0.113999999999942
"807",8070000,0.0980000000003201,0.173999999999796,0.125999999999476
"808",8080000,0.133999999999651,0.163999999999942,0.127999999999884
"809",8090000,0.1,0.168000000000029,0.0959999999999127
"810",8100000,0.116000000000349,0.145999999999913,0.0979999999995926
"811",8110000,0.129999999999563,0.166000000000349,0.108000000000175
"812",8120000,0.0860000000000582,0.177999999999884,0.0780000000006112
"813",8130000,0.118000000000029,0.166000000000349,0.0900000000001455
"814",8140000,0.0839999999996508,0.14800000000032,0.069999999999709
"815",8150000,0.104000000000087,0.155999999999767,0.105999999999767
"816",8160000,0.122000000000116,0.163999999999942,0.0979999999995926
"817",8170000,0.0959999999999127,0.173999999999796,0.0819999999999709
"818",8180000,0.0760000000002037,0.156000000000495,0.122000000000116
"819",8190000,0.0900000000001455,0.137999999999738,0.0979999999995926
"820",8200000,0.0879999999997381,0.152000000000407,0.080000000000291
"821",8210000,0.133999999999651,0.179999999999563,0.118000000000029
"822",8220000,0.112000000000262,0.168000000000029,0.0959999999999127
"823",8230000,0.105999999999767,0.166000000000349,0.0840000000003784
"824",8240000,0.141999999999825,0.162000000000262,0.1
"825",8250000,0.126000000000204,0.159999999999854,0.0979999999995926
"826",8260000,0.14800000000032,0.191999999999825,0.105999999999767
"827",8270000,0.113999999999942,0.186000000000058,0.0819999999999709
"828",8280000,0.0860000000000582,0.144000000000233,0.123999999999796
"829",8290000,0.1,0.176000000000204,0.134000000000378
"830",8300000,0.0879999999997381,0.190000000000146,0.118000000000029
"831",8310000,0.123999999999796,0.176000000000204,0.0799999999995634
"832",8320000,0.133999999999651,0.172000000000116,0.0939999999995052
"833",8330000,0.110000000000582,0.168000000000029,0.126000000000204
"834",8340000,0.112000000000262,0.166000000000349,0.126000000000204
"835",8350000,0.116000000000349,0.163999999999942,0.0840000000003784
"836",8360000,0.122000000000116,0.193999999999505,0.109999999999854
"837",8370000,0.105999999999767,0.168000000000029,0.118000000000029
"838",8380000,0.136000000000058,0.177999999999884,0.105999999999767
"839",8390000,0.15,0.166000000000349,0.112000000000262
"840",8400000,0.0879999999997381,0.187999999999738,0.144000000000233
"841",8410000,0.108000000000175,0.123999999999796,0.109999999999854
"842",8420000,0.124000000000524,0.172000000000116,0.126000000000204
"843",8430000,0.0760000000002037,0.204000000000087,0.0959999999999127
"844",8440000,0.130000000000291,0.171999999999389,0.154000000000087
"845",8450000,0.0980000000003201,0.177999999999884,0.131999999999971
"846",8460000,0.118000000000029,0.180000000000291,0.112000000000262
"847",8470000,0.104000000000087,0.177999999999884,0.122000000000116
"848",8480000,0.113999999999942,0.168000000000029,0.116000000000349
"849",8490000,0.133999999999651,0.187999999999738,0.119999999999709
"850",8500000,0.0980000000003201,0.195999999999913,0.104000000000087
"851",8510000,0.172000000000116,0.158000000000175,0.134000000000378
"852",8520000,0.0760000000002037,0.172000000000116,0.109999999999854
"853",8530000,0.0880000000004657,0.195999999999913,0.109999999999854
"854",8540000,0.1,0.165999999999622,0.0979999999995926
"855",8550000,0.109999999999854,0.161999999999534,0.0959999999999127
"856",8560000,0.105999999999767,0.176000000000204,0.113999999999942
"857",8570000,0.105999999999767,0.173999999999796,0.119999999999709
"858",8580000,0.131999999999971,0.166000000000349,0.126000000000204
"859",8590000,0.116000000000349,0.179999999999563,0.1
"860",8600000,0.112000000000262,0.155999999999767,0.1
"861",8610000,0.105999999999767,0.180000000000291,0.122000000000116
"862",8620000,0.105999999999767,0.181999999999971,0.104000000000087
"863",8630000,0.118000000000029,0.195999999999913,0.10199999999968
"864",8640000,0.127999999999884,0.176000000000204,0.127999999999884
"865",8650000,0.111999999999534,0.184000000000378,0.120000000000437
"866",8660000,0.115999999999622,0.171999999999389,0.113999999999942
"867",8670000,0.15,0.165999999999622,0.122000000000116
"868",8680000,0.140000000000146,0.158000000000175,0.0959999999999127
"869",8690000,0.122000000000116,0.158000000000175,0.0760000000002037
"870",8700000,0.126000000000204,0.177999999999884,0.108000000000175
"871",8710000,0.137999999999738,0.186000000000058,0.129999999999563
"872",8720000,0.127999999999884,0.2,0.0900000000001455
"873",8730000,0.0900000000001455,0.190000000000146,0.113999999999942
"874",8740000,0.113999999999942,0.155999999999767,0.126000000000204
"875",8750000,0.10199999999968,0.191999999999825,0.104000000000087
"876",8760000,0.0659999999996217,0.172000000000116,0.127999999999884
"877",8770000,0.0720000000001164,0.197999999999593,0.137999999999738
"878",8780000,0.1,0.172000000000116,0.137999999999738
"879",8790000,0.138000000000466,0.168000000000029,0.119999999999709
"880",8800000,0.118000000000029,0.189999999999418,0.104000000000087
"881",8810000,0.0980000000003201,0.181999999999971,0.106000000000495
"882",8820000,0.159999999999854,0.168000000000029,0.105999999999767
"883",8830000,0.109999999999854,0.181999999999971,0.118000000000029
"884",8840000,0.140000000000146,0.169999999999709,0.105999999999767
"885",8850000,0.111999999999534,0.183999999999651,0.0839999999996508
"886",8860000,0.133999999999651,0.195999999999913,0.116000000000349
"887",8870000,0.0940000000002328,0.193999999999505,0.140000000000146
"888",8880000,0.0879999999997381,0.181999999999971,0.115999999999622
"889",8890000,0.131999999999971,0.162000000000262,0.1
"890",8900000,0.127999999999884,0.193999999999505,0.144000000000233
"891",8910000,0.122000000000116,0.186000000000058,0.0959999999999127
"892",8920000,0.143999999999505,0.204000000000087,0.124000000000524
"893",8930000,0.112000000000262,0.173999999999796,0.160000000000582
"894",8940000,0.137999999999738,0.183999999999651,0.113999999999942
"895",8950000,0.15,0.163999999999942,0.113999999999942
"896",8960000,0.166000000000349,0.180000000000291,0.108000000000175
"897",8970000,0.109999999999854,0.168000000000029,0.116000000000349
"898",8980000,0.0979999999995926,0.204000000000087,0.109999999999854
"899",8990000,0.122000000000116,0.166000000000349,0.141999999999825
"900",9e+06,0.115999999999622,0.177999999999884,0.136000000000058
"901",9010000,0.15,0.145999999999913,0.140000000000146
"902",9020000,0.136000000000058,0.181999999999971,0.140000000000146
"903",9030000,0.10199999999968,0.204000000000087,0.110000000000582
"904",9040000,0.147999999999593,0.19600000000064,0.116000000000349
"905",9050000,0.127999999999884,0.186000000000058,0.162000000000262
"906",9060000,0.122000000000116,0.163999999999942,0.109999999999854
"907",9070000,0.102000000000407,0.173999999999796,0.141999999999825
"908",9080000,0.155999999999767,0.197999999999593,0.0959999999999127
"909",9090000,0.140000000000146,0.194000000000233,0.126000000000204
"910",9100000,0.0860000000000582,0.181999999999971,0.0940000000002328
"911",9110000,0.0940000000002328,0.180000000000291,0.138000000000466
"912",9120000,0.0939999999995052,0.186000000000058,0.122000000000116
"913",9130000,0.108000000000175,0.213999999999942,0.133999999999651
"914",9140000,0.113999999999942,0.205999999999767,0.122000000000116
"915",9150000,0.113999999999942,0.155999999999767,0.116000000000349
"916",9160000,0.116000000000349,0.190000000000146,0.0940000000002328
"917",9170000,0.14600000000064,0.173999999999796,0.0980000000003201
"918",9180000,0.108000000000175,0.204000000000087,0.137999999999738
"919",9190000,0.112000000000262,0.195999999999913,0.109999999999854
"920",9200000,0.15,0.213999999999942,0.0940000000002328
"921",9210000,0.111999999999534,0.177999999999884,0.122000000000116
"922",9220000,0.0900000000001455,0.212000000000262,0.0940000000002328
"923",9230000,0.137999999999738,0.216000000000349,0.159999999999854
"924",9240000,0.137999999999738,0.177999999999884,0.127999999999884
"925",9250000,0.137999999999738,0.227999999999884,0.111999999999534
"926",9260000,0.109999999999854,0.205999999999767,0.1
"927",9270000,0.129999999999563,0.190000000000146,0.137999999999738
"928",9280000,0.116000000000349,0.193999999999505,0.123999999999796
"929",9290000,0.171999999999389,0.165999999999622,0.1
"930",9300000,0.0819999999999709,0.205999999999767,0.133999999999651
"931",9310000,0.161999999999534,0.205999999999767,0.127999999999884
"932",9320000,0.0979999999995926,0.183999999999651,0.0779999999998836
"933",9330000,0.0940000000002328,0.187999999999738,0.136000000000058
"934",9340000,0.122000000000116,0.191999999999825,0.106000000000495
"935",9350000,0.0900000000001455,0.197999999999593,0.115999999999622
"936",9360000,0.113999999999942,0.184000000000378,0.0819999999999709
"937",9370000,0.118000000000029,0.180000000000291,0.0860000000000582
"938",9380000,0.0779999999998836,0.181999999999971,0.131999999999971
"939",9390000,0.141999999999825,0.171999999999389,0.140000000000146
"940",9400000,0.140000000000146,0.19600000000064,0.120000000000437
"941",9410000,0.133999999999651,0.2,0.108000000000175
"942",9420000,0.155999999999767,0.205999999999767,0.125999999999476
"943",9430000,0.145999999999913,0.190000000000146,0.136000000000058
"944",9440000,0.140000000000146,0.205999999999767,0.102000000000407
"945",9450000,0.181999999999971,0.218000000000029,0.15
"946",9460000,0.133999999999651,0.209999999999854,0.127999999999884
"947",9470000,0.123999999999796,0.195999999999913,0.122000000000116
"948",9480000,0.109999999999854,0.202000000000407,0.134000000000378
"949",9490000,0.144000000000233,0.205999999999767,0.15
"950",9500000,0.163999999999942,0.195999999999913,0.0900000000001455
"951",9510000,0.129999999999563,0.178000000000611,0.112000000000262
"952",9520000,0.115999999999622,0.202000000000407,0.102000000000407
"953",9530000,0.127999999999884,0.166000000000349,0.131999999999971
"954",9540000,0.105999999999767,0.209999999999854,0.104000000000087
"955",9550000,0.0899999999994179,0.183999999999651,0.116000000000349
"956",9560000,0.158000000000175,0.213999999999942,0.0959999999999127
"957",9570000,0.10199999999968,0.208000000000175,0.130000000000291
"958",9580000,0.184000000000378,0.190000000000146,0.122000000000116
"959",9590000,0.131999999999971,0.186000000000058,0.125999999999476
"960",9600000,0.116000000000349,0.244000000000233,0.112000000000262
"961",9610000,0.120000000000437,0.222000000000116,0.123999999999796
"962",9620000,0.130000000000291,0.208000000000175,0.124000000000524
"963",9630000,0.108000000000175,0.181999999999971,0.127999999999884
"964",9640000,0.113999999999942,0.191999999999825,0.158000000000175
"965",9650000,0.104000000000087,0.187999999999738,0.133999999999651
"966",9660000,0.122000000000116,0.173999999999796,0.105999999999767
"967",9670000,0.141999999999825,0.233999999999651,0.125999999999476
"968",9680000,0.155999999999767,0.183999999999651,0.147999999999593
"969",9690000,0.116000000000349,0.183999999999651,0.120000000000437
"970",9700000,0.144000000000233,0.190000000000146,0.121999999999389
"971",9710000,0.0919999999998254,0.187999999999738,0.140000000000146
"972",9720000,0.158000000000175,0.172000000000116,0.127999999999884
"973",9730000,0.10199999999968,0.218000000000029,0.0959999999999127
"974",9740000,0.130000000000291,0.208000000000175,0.116000000000349
"975",9750000,0.127999999999884,0.218000000000029,0.144000000000233
"976",9760000,0.131999999999971,0.220000000000437,0.161999999999534
"977",9770000,0.14800000000032,0.177999999999884,0.105999999999767
"978",9780000,0.124000000000524,0.205999999999767,0.15
"979",9790000,0.0879999999997381,0.179999999999563,0.0839999999996508
"980",9800000,0.127999999999884,0.2,0.109999999999854
"981",9810000,0.133999999999651,0.216000000000349,0.102000000000407
"982",9820000,0.140000000000146,0.228000000000611,0.118000000000029
"983",9830000,0.177999999999884,0.172000000000116,0.134000000000378
"984",9840000,0.171999999999389,0.197999999999593,0.156000000000495
"985",9850000,0.143999999999505,0.19800000000032,0.138000000000466
"986",9860000,0.116000000000349,0.180000000000291,0.10199999999968
"987",9870000,0.126000000000204,0.195999999999913,0.127999999999884
"988",9880000,0.127999999999884,0.222000000000116,0.155999999999767
"989",9890000,0.163999999999942,0.189999999999418,0.127999999999884
"990",9900000,0.115999999999622,0.212000000000262,0.140000000000146
"991",9910000,0.139999999999418,0.194000000000233,0.120000000000437
"992",9920000,0.108000000000175,0.204000000000087,0.0880000000004657
"993",9930000,0.204000000000087,0.202000000000407,0.123999999999796
"994",9940000,0.152000000000407,0.245999999999913,0.111999999999534
"995",9950000,0.134000000000378,0.227999999999884,0.159999999999854
"996",9960000,0.172000000000116,0.243999999999505,0.136000000000058
"997",9970000,0.127999999999884,0.2,0.122000000000116
"998",9980000,0.130000000000291,0.209999999999854,0.112000000000262
"999",9990000,0.19800000000032,0.218000000000029,0.136000000000058
"1000",1e+07,0.122000000000116,0.2,0.105999999999767
